timestamp,base,code,pair,rate,inverse
1763224025,USD,AED,USD:AED,3.672504,
1763224025,USD,AFN,USD:AFN,66.242312,
1763224025,USD,ALL,USD:ALL,83.179218,
1763224025,USD,AMD,USD:AMD,382.091093,
1763224025,USD,ANG,USD:ANG,1.790055,
1763224025,USD,AOA,USD:AOA,917.000367,
1763224025,USD,ARS,USD:ARS,1397.162531,
1763224025,USD,AUD,USD:AUD,1.534449,
1763224025,USD,AWG,USD:AWG,1.80375,
1763224025,USD,AZN,USD:AZN,1.70397,
1763224025,USD,BAM,USD:BAM,1.682336,
1763224025,USD,BBD,USD:BBD,2.013075,
1763224025,USD,BDT,USD:BDT,122.136682,
1763224025,USD,BGN,USD:BGN,1.682336,
1763224025,USD,BHD,USD:BHD,0.375296,
1763224025,USD,BIF,USD:BIF,2949.980646,
1763224025,USD,BMD,USD:BMD,1,
1763224025,USD,BND,USD:BND,1.301363,
1763224025,USD,BOB,USD:BOB,6.90637,
1763224025,USD,BRL,USD:BRL,5.297104,
1763224025,USD,BSD,USD:BSD,0.999441,
1763224025,USD,BTC,USD:BTC,1.1e-05,
1763224025,USD,BTN,USD:BTN,88.628446,
1763224025,USD,BWP,USD:BWP,14.229065,
1763224025,USD,BYN,USD:BYN,3.409316,
1763224025,USD,BYR,USD:BYR,19600,
1763224025,USD,BZD,USD:BZD,2.01015,
1763224025,USD,CAD,USD:CAD,1.40305,
1763224025,USD,CDF,USD:CDF,2174.000362,
1763224025,USD,CHF,USD:CHF,0.794757,
1763224025,USD,CLF,USD:CLF,0.023592,
1763224025,USD,CLP,USD:CLP,930.299772,
1763224025,USD,CNH,USD:CNH,7.10029,
1763224025,USD,CNY,USD:CNY,7.09955,
1763224025,USD,COP,USD:COP,3744.269064,
1763224025,USD,CRC,USD:CRC,500.9677,
1763224025,USD,CUC,USD:CUC,1,
1763224025,USD,CUP,USD:CUP,26.5,
1763224025,USD,CVE,USD:CVE,94.847533,
1763224025,USD,CZK,USD:CZK,20.805104,
1763224025,USD,DJF,USD:DJF,177.979442,
1763224025,USD,DKK,USD:DKK,6.425804,
1763224025,USD,DOP,USD:DOP,64.375726,
1763224025,USD,DZD,USD:DZD,129.671842,
1763224025,USD,EGP,USD:EGP,46.987226,
1763224025,USD,ERN,USD:ERN,15,
1763224025,USD,ETB,USD:ETB,154.855963,
1763224025,USD,EUR,USD:EUR,0.86005,
1763224025,USD,FJD,USD:FJD,2.27535,
1763224025,USD,FKP,USD:FKP,0.760064,
1763224025,USD,GBP,USD:GBP,0.759878,
1763224025,USD,GEL,USD:GEL,2.703861,
1763224025,USD,GGP,USD:GGP,0.760064,
1763224025,USD,GHS,USD:GHS,10.944045,
1763224025,USD,GIP,USD:GIP,0.760064,
1763224025,USD,GMD,USD:GMD,72.503851,
1763224025,USD,GNF,USD:GNF,8675.755881,
1763224025,USD,GTQ,USD:GTQ,7.660746,
1763224025,USD,GYD,USD:GYD,209.074878,
1763224025,USD,HKD,USD:HKD,7.77445,
1763224025,USD,HNL,USD:HNL,26.293923,
1763224025,USD,HRK,USD:HRK,6.482904,
1763224025,USD,HTG,USD:HTG,130.936304,
1763224025,USD,HUF,USD:HUF,330.790388,
1763224025,USD,IDR,USD:IDR,16712,
1763224025,USD,ILS,USD:ILS,3.227704,
1763224025,USD,IMP,USD:IMP,0.760064,
1763224025,USD,INR,USD:INR,88.689504,
1763224025,USD,IQD,USD:IQD,1309.363038,
1763224025,USD,IRR,USD:IRR,42100.000352,
1763224025,USD,ISK,USD:ISK,126.820386,
1763224025,USD,JEP,USD:JEP,0.760064,
1763224025,USD,JMD,USD:JMD,160.526429,
1763224025,USD,JOD,USD:JOD,0.70904,
1763224025,USD,JPY,USD:JPY,154.56504,
1763224025,USD,KES,USD:KES,129.284762,
1763224025,USD,KGS,USD:KGS,87.450384,
1763224025,USD,KHR,USD:KHR,4009.289923,
1763224025,USD,KMF,USD:KMF,424.00035,
1763224025,USD,KPW,USD:KPW,899.988423,
1763224025,USD,KRW,USD:KRW,1448.530383,
1763224025,USD,KWD,USD:KWD,0.30669,
1763224025,USD,KYD,USD:KYD,0.83291,
1763224025,USD,KZT,USD:KZT,523.900047,
1763224025,USD,LAK,USD:LAK,21688.529526,
1763224025,USD,LBP,USD:LBP,89503.763279,
1763224025,USD,LKR,USD:LKR,306.567459,
1763224025,USD,LRD,USD:LRD,181.40295,
1763224025,USD,LSL,USD:LSL,17.141542,
1763224025,USD,LTL,USD:LTL,2.95274,
1763224025,USD,LVL,USD:LVL,0.60489,
1763224025,USD,LYD,USD:LYD,5.452669,
1763224025,USD,MAD,USD:MAD,9.241323,
1763224025,USD,MDL,USD:MDL,16.871532,
1763224025,USD,MGA,USD:MGA,4468.625005,
1763224025,USD,MKD,USD:MKD,52.922455,
1763224025,USD,MMK,USD:MMK,2099.610882,
1763224025,USD,MNT,USD:MNT,3572.735976,
1763224025,USD,MOP,USD:MOP,8.00215,
1763224025,USD,MRU,USD:MRU,39.576792,
1763224025,USD,MUR,USD:MUR,45.650378,
1763224025,USD,MVR,USD:MVR,15.403739,
1763224025,USD,MWK,USD:MWK,1733.086749,
1763224025,USD,MXN,USD:MXN,18.318804,
1763224025,USD,MYR,USD:MYR,4.132504,
1763224025,USD,MZN,USD:MZN,63.950377,
1763224025,USD,NAD,USD:NAD,17.141542,
1763224025,USD,NGN,USD:NGN,1440.780377,
1763224025,USD,NIO,USD:NIO,36.781214,
1763224025,USD,NOK,USD:NOK,10.088804,
1763224025,USD,NPR,USD:NPR,141.805514,
1763224025,USD,NZD,USD:NZD,1.760254,
1763224025,USD,OMR,USD:OMR,0.382771,
1763224025,USD,PAB,USD:PAB,0.999441,
1763224025,USD,PEN,USD:PEN,3.370436,
1763224025,USD,PGK,USD:PGK,4.226055,
1763224025,USD,PHP,USD:PHP,59.015038,
1763224025,USD,PKR,USD:PKR,282.529182,
1763224025,USD,PLN,USD:PLN,3.638123,
1763224025,USD,PYG,USD:PYG,7042.277751,
1763224025,USD,QAR,USD:QAR,3.643198,
1763224025,USD,RON,USD:RON,4.374304,
1763224025,USD,RSD,USD:RSD,100.795665,
1763224025,USD,RUB,USD:RUB,80.491936,
1763224025,USD,RWF,USD:RWF,1452.75472,
1763224025,USD,SAR,USD:SAR,3.749973,
1763224025,USD,SBD,USD:SBD,8.244163,
1763224025,USD,SCR,USD:SCR,14.010372,
1763224025,USD,SDG,USD:SDG,601.503676,
1763224025,USD,SEK,USD:SEK,9.449304,
1763224025,USD,SGD,USD:SGD,1.297504,
1763224025,USD,SHP,USD:SHP,0.750259,
1763224025,USD,SLE,USD:SLE,23.403667,
1763224025,USD,SLL,USD:SLL,20969.498139,
1763224025,USD,SOS,USD:SOS,570.212034,
1763224025,USD,SRD,USD:SRD,38.589504,
1763224025,USD,STD,USD:STD,20697.981008,
1763224025,USD,STN,USD:STN,21.074362,
1763224025,USD,SVC,USD:SVC,8.74543,
1763224025,USD,SYP,USD:SYP,11056.884007,
1763224025,USD,SZL,USD:SZL,17.134747,
1763224025,USD,THB,USD:THB,32.405038,
1763224025,USD,TJS,USD:TJS,9.225238,
1763224025,USD,TMT,USD:TMT,3.51,
1763224025,USD,TND,USD:TND,2.938884,
1763224025,USD,TOP,USD:TOP,2.40776,
1763224025,USD,TRY,USD:TRY,42.170504,
1763224025,USD,TTD,USD:TTD,6.777343,
1763224025,USD,TWD,USD:TWD,30.569504,
1763224025,USD,TZS,USD:TZS,2448.754892,
1763224025,USD,UAH,USD:UAH,42.002581,
1763224025,USD,UGX,USD:UGX,3568.01858,
1763224025,USD,UYU,USD:UYU,39.766032,
1763224025,USD,UZS,USD:UZS,12033.030837,
1763224025,USD,VES,USD:VES,236.162804,
1763224025,USD,VND,USD:VND,26350,
1763224025,USD,VUV,USD:VUV,121.871382,
1763224025,USD,WST,USD:WST,2.813729,
1763224025,USD,XAF,USD:XAF,564.239818,
1763224025,USD,XAG,USD:XAG,0.01978,
1763224025,USD,XAU,USD:XAU,0.000245,
1763224025,USD,XCD,USD:XCD,2.70255,
1763224025,USD,XCG,USD:XCG,1.801299,
1763224025,USD,XDR,USD:XDR,0.701733,
1763224025,USD,XOF,USD:XOF,564.239818,
1763224025,USD,XPF,USD:XPF,102.584835,
1763224025,USD,YER,USD:YER,238.525037,
1763224025,USD,ZAR,USD:ZAR,17.08336,
1763224025,USD,ZMK,USD:ZMK,9001.203584,
1763224025,USD,ZMW,USD:ZMW,22.46355,
1763224025,USD,ZWL,USD:ZWL,321.999592,
