date,cases_total,deaths_total,recovered_total,cases_new,deaths_new,recovered_new
1/22/20,557,17,30,0,0,0
1/23/20,657,18,32,100,1,2
1/24/20,944,26,39,287,8,7
1/25/20,1437,42,42,493,16,3
1/26/20,2120,56,56,683,14,14
1/27/20,2929,82,65,809,26,9
1/28/20,5580,131,108,2651,49,43
1/29/20,6169,133,127,589,2,19
1/30/20,8237,172,145,2068,39,18
1/31/20,9927,214,225,1690,42,80
2/1/20,12038,260,287,2111,46,62
2/2/20,16787,364,476,4749,104,189
2/3/20,19887,428,627,3100,64,151
2/4/20,23899,494,857,4012,66,230
2/5/20,27644,566,1130,3745,72,273
2/6/20,30806,636,1493,3162,70,363
2/7/20,34400,721,2016,3594,85,523
2/8/20,37131,808,2617,2731,87,601
2/9/20,40162,908,3247,3031,100,630
2/10/20,42771,1015,3949,2609,107,702
2/11/20,44814,1115,4684,2043,100,735
2/12/20,45232,1120,5151,418,5,467
2/13/20,60384,1373,6294,15152,253,1143
2/14/20,66912,1525,8061,6528,152,1767
2/15/20,69055,1668,9397,2143,143,1336
2/16/20,71238,1772,10867,2183,104,1470
2/17/20,73273,1870,12587,2035,98,1720
2/18/20,75155,2010,14352,1882,140,1765
2/19/20,75655,2125,16123,500,115,1771
2/20/20,76216,2250,18181,561,125,2058
2/21/20,76846,2254,18894,630,4,713
2/22/20,78608,2462,22892,1762,208,3998
2/23/20,78990,2473,23397,382,11,505
2/24/20,79558,2633,25229,568,160,1832
2/25/20,80412,2713,27907,854,80,2678
2/26/20,81384,2774,30388,972,61,2481
2/27/20,82728,2817,33282,1344,43,2894
2/28/20,84152,2876,36714,1424,59,3432
2/29/20,86023,2946,39785,1871,70,3071
3/1/20,88402,3000,42721,2379,54,2936
3/2/20,90382,3090,45605,1980,90,2884
3/3/20,92994,3164,48227,2612,74,2622
3/4/20,95338,3260,51170,2344,96,2943
3/5/20,98078,3355,53796,2740,95,2626
3/6/20,102062,3469,55864,3984,114,2068
3/7/20,106199,3573,58358,4137,104,2494
3/8/20,109997,3815,60695,3798,242,2337
3/9/20,114292,4009,62495,4295,194,1800
3/10/20,119051,4284,64402,4759,275,1907
3/11/20,126527,4636,66999,7476,352,2597
3/12/20,133283,4957,68328,6756,321,1329
3/13/20,146477,5460,70255,13194,503,1927
3/14/20,157365,5886,72622,10888,426,2367
3/15/20,168598,6557,76031,11233,671,3409
3/16/20,183165,7268,78086,14567,711,2055
3/17/20,198339,8119,80830,15174,851,2744
3/18/20,215900,9075,83317,17561,956,2487
3/19/20,242987,10217,84958,27087,1142,1641
3/20/20,272517,11791,87403,29530,1574,2445
3/21/20,304944,13599,91650,32427,1808,4247
3/22/20,339156,15427,97867,34212,1828,6217
3/23/20,381711,17523,98355,42555,2096,488
3/24/20,423594,19949,107974,41883,2426,9619
3/25/20,475075,22920,113753,51481,2971,5779
3/26/20,535889,26173,122125,60814,3253,8372
3/27/20,599820,29812,130910,63931,3639,8785
3/28/20,669402,33861,139421,69582,4049,8511
3/29/20,725918,37680,148877,56516,3819,9456
3/30/20,790929,42050,164213,65011,4370,15336
3/31/20,869371,47218,177803,78442,5168,13590
4/1/20,955728,53862,193075,86357,6644,15272
4/2/20,1038176,60115,210218,82448,6253,17143
4/3/20,1122386,66617,225640,84210,6502,15422
4/4/20,1182507,72976,246052,60121,6359,20412
4/5/20,1254222,78897,259888,71715,5921,13836
4/6/20,1328948,85324,276597,74726,6427,16709
4/7/20,1397886,93841,299859,68938,8517,23262
4/8/20,1480062,101061,328741,82176,7220,28882
4/9/20,1567243,109216,353995,87181,8155,25254
4/10/20,1653665,116957,375733,86422,7741,21738
4/11/20,1729180,123939,401983,75515,6982,26250
4/12/20,1847761,130453,421366,118581,6514,19383
4/13/20,1919593,136966,448623,71832,6513,27257
4/14/20,2004226,144323,473697,84633,7357,25074
4/15/20,2082482,153088,510236,78256,8765,36539
4/16/20,2176950,160800,541119,94468,7712,30883
4/17/20,2264830,169688,567303,87880,8888,26184
4/18/20,2343082,176118,591169,78252,6430,23866
4/19/20,2419404,182219,622952,76322,6101,31783
4/20/20,2495886,188730,645130,76482,6511,22178
4/21/20,2571973,195926,679932,76087,7196,34802
4/22/20,2654011,203205,710017,82038,7279,30085
4/23/20,2736728,210475,738747,82717,7270,28730
4/24/20,2820291,217313,788776,83563,6838,50029
4/25/20,2903496,223363,816531,83205,6050,27755
4/26/20,2974291,228179,845343,70795,4816,28812
4/27/20,3045275,233624,873227,70984,5445,27884
4/28/20,3121107,240253,906439,75832,6629,33212
4/29/20,3198435,247233,948516,77328,6980,42077
4/30/20,3282087,253486,1013632,83652,6253,65116
5/1/20,3371033,259073,1051789,88946,5587,38157
5/2/20,3449295,265119,1092440,78262,6046,40651
5/3/20,3523292,269394,1124973,73997,4275,32533
5/4/20,3600929,274239,1159059,77637,4845,34086
5/5/20,3680614,280386,1195532,79685,6147,36473
5/6/20,3771036,287146,1241651,90422,6760,46119
5/7/20,3860174,293012,1281176,89138,5866,39525
5/8/20,3950657,298967,1317589,90483,5955,36413
5/9/20,4035000,303885,1371030,84343,4918,53441
5/10/20,4110223,308223,1404839,75223,4338,33809
5/11/20,4186364,312301,1451724,76141,4078,46885
5/12/20,4271644,318031,1488766,85280,5730,37042
5/13/20,4355992,323468,1544638,84348,5437,55872
5/14/20,4451634,329217,1584349,95642,5749,39711
5/15/20,4547536,334970,1632452,95902,5753,48103
5/16/20,4641426,339511,1688863,93890,4541,56411
5/17/20,4719789,343391,1729871,78363,3880,41008
5/18/20,4808921,347786,1782787,89132,4395,52916
5/19/20,4904739,352754,1834839,95818,4968,52052
5/20/20,5010162,358160,1893809,105423,5406,58970
5/21/20,5116135,363195,1945029,105973,5035,51220
5/22/20,5223477,368901,2053576,107342,5706,108547
5/23/20,5327627,373355,2108410,104150,4454,54834
5/24/20,5420843,376755,2163937,93216,3400,55527
5/25/20,5509066,378449,2227666,88223,1694,63729
5/26/20,5601428,383229,2282818,92362,4780,55152
5/27/20,5703984,388449,2346145,102556,5220,63327
5/28/20,5823977,393440,2413008,119993,4991,66863
5/29/20,5945413,398596,2490273,121436,5156,77265
5/30/20,6080456,402955,2560723,135043,4359,70450
5/31/20,6183316,406242,2637107,102860,3287,76384
6/1/20,6283580,409983,2692032,100264,3741,54925
6/2/20,6406221,415254,2796144,122641,5271,104112
6/3/20,6517437,420875,2875235,111216,5621,79091
6/4/20,6655667,426403,2945305,138230,5528,70070
6/5/20,6789073,431460,3014470,133406,5057,69165
6/6/20,6918403,435600,3086674,129330,4140,72204
6/7/20,7029415,438857,3141783,111012,3257,55109
6/8/20,7132463,443312,3293394,103048,4455,151611
6/9/20,7258445,448357,3375664,125982,5045,82270
6/10/20,7395607,453783,3454835,137162,5426,79171
6/11/20,7531793,458920,3540714,136186,5137,85879
6/12/20,7659267,463663,3620434,127474,4743,79720
6/13/20,7793175,468056,3706326,133908,4393,85892
6/14/20,7925122,471838,3777145,131947,3782,70819
6/15/20,8050034,475905,3857420,124912,4067,80275
6/16/20,8193933,483023,3955283,143899,7118,97863
6/17/20,8337135,488500,4074114,143202,5477,118831
6/18/20,8480229,493854,4155277,143094,5354,81163
6/19/20,8661225,500212,4250267,180996,6358,94990
6/20/20,8847108,504694,4366121,185883,4482,115854
6/21/20,8940170,509338,4434807,93062,4644,68686
6/22/20,9082502,513205,4526440,142332,3867,91633
6/23/20,9250625,518774,4630495,168123,5569,104055
6/24/20,9422061,524272,4746246,171436,5498,115751
6/25/20,9601576,529382,4839130,179515,5110,92884
6/26/20,9794066,534465,4945110,192490,5083,105980
6/27/20,9970478,539201,5051396,176412,4736,106286
6/28/20,10138935,542822,5140599,168457,3621,89203
6/29/20,10291617,546894,5235170,152682,4072,94571
6/30/20,10475388,552146,5352510,183771,5252,117340
7/1/20,10690516,557487,5468424,215128,5341,115914
7/2/20,10895486,563001,5753358,204970,5514,284934
7/3/20,11098124,568241,5863246,202638,5240,109888
7/4/20,11287838,573035,6059006,189714,4794,195760
7/5/20,11474058,576880,6178369,186220,3845,119363
7/6/20,11642331,581148,6302068,168273,4268,123699
7/7/20,11851900,587508,6447101,209569,6360,145033
7/8/20,12067186,593137,6605157,215286,5629,158056
7/9/20,12291782,598986,6739775,224596,5849,134618
7/10/20,12524663,604728,6879221,232881,5742,139446
7/11/20,12737483,609869,7004913,212820,5141,125692
7/12/20,12930415,614171,7116749,192932,4302,111836
7/13/20,13124893,618607,7257072,194478,4436,140323
7/14/20,13345920,624592,7399324,221027,5985,142252
7/15/20,13575706,630511,7559130,229786,5919,159806
7/16/20,13820618,636673,7711615,244912,6162,152485
7/17/20,14058038,643711,7895036,237420,7038,183421
7/18/20,14293379,650241,8045823,235341,6530,150787
7/19/20,14505270,655135,8133881,211891,4894,88058
7/20/20,14713414,659101,8293009,208144,3966,159128
7/21/20,14956435,665439,8467705,243021,6338,174696
7/22/20,15231791,672857,8647437,275356,7418,179732
7/23/20,15511422,679494,8823667,279631,6637,176230
7/24/20,15794928,685956,9051967,283506,6462,228300
7/25/20,16044485,692021,9271779,249557,6065,219812
7/26/20,16256294,696430,9415080,211809,4409,143301
7/27/20,16490680,701726,9586463,234386,5296,171383
7/28/20,16754567,708664,9756921,263887,6938,170458
7/29/20,17024801,715292,9959507,270234,6628,202586
7/30/20,17306582,722069,10173026,281781,6777,213519
7/31/20,17594044,728679,10372632,287462,6610,199606
8/1/20,17840315,734665,10553543,246271,5986,180911
8/2/20,18070926,739352,10692267,230611,4687,138724
8/3/20,18276983,744209,10914712,206057,4857,222445
8/4/20,18542287,751380,11138369,265304,7171,223657
8/5/20,18817443,758757,11360064,275156,7377,221695
8/6/20,19104145,765604,11548871,286702,6847,188807
8/7/20,19386579,772357,11740917,282434,6753,192046
8/8/20,19651806,778381,11941161,265227,6024,200244
8/9/20,19884801,783575,12119939,232995,5194,178778
8/10/20,20118013,788952,12284150,233212,5377,164211
8/11/20,20383576,795567,12589218,265563,6615,305068
8/12/20,20658646,802540,12829863,275070,6973,240645
8/13/20,20948740,809327,12993779,290094,6787,163916
8/14/20,21255813,815894,13277021,307073,6567,283242
8/15/20,21504839,821948,13445625,249026,6054,168604
8/16/20,21714880,826748,13678579,210041,4800,232954
8/17/20,21927762,831371,13889591,212882,4623,211012
8/18/20,22187166,838427,14117186,259404,7056,227595
8/19/20,22464640,844850,14335183,277474,6423,217997
8/20/20,22736119,851277,14542973,271479,6427,207790
8/21/20,22998072,857049,14711467,261953,5772,168494
8/22/20,23261601,862838,14921384,263529,5789,209917
8/23/20,23464360,867145,15137915,202759,4307,216531
8/24/20,23692460,872002,15337336,228100,4857,199421
8/25/20,23937668,878565,15568885,245208,6563,231549
8/26/20,24219359,885102,15794619,281691,6537,225734
8/27/20,24506622,891317,16001856,287263,6215,207237
8/28/20,24790561,897142,16200974,283939,5825,199118
8/29/20,25051295,902930,16412387,260734,5788,211413
8/30/20,25271033,907204,16622627,219738,4274,210240
8/31/20,25535340,911637,16823417,264307,4433,200790
9/1/20,25802224,918238,17081379,266884,6601,257962
9/2/20,26084114,924555,17300616,281890,6317,219237
9/3/20,26369544,930655,17521985,285430,6100,221369
9/4/20,26671276,936495,17735486,301732,5840,213501
9/5/20,26944997,941588,17936474,273721,5093,200988
9/6/20,27173995,945723,18148265,228998,4135,211791
9/7/20,27391278,955346,18345813,217283,9623,197548
9/8/20,27637790,960469,18547610,246512,5123,201797
9/9/20,27923100,966734,18787877,285310,6265,240267
9/10/20,28227493,972736,19004538,304393,6002,216661
9/11/20,28543855,978735,19228208,316362,5999,223670
9/12/20,28832580,983793,19451142,288725,5058,222934
9/13/20,29081415,987756,19638990,248835,3963,187848
9/14/20,29348555,992363,19867489,267140,4607,228499
9/15/20,29629107,998925,20093776,280552,6562,226287
9/16/20,29934059,1004793,20323253,304952,5868,229477
9/17/20,30249632,1010441,20543464,315573,5648,220211
9/18/20,30576278,1016293,20794613,326646,5852,251149
9/19/20,30869397,1021566,21031598,293119,5273,236985
9/20/20,31124526,1025548,21268675,255129,3982,237077
9/21/20,31384435,1029976,21514153,259909,4428,245478
9/22/20,31668754,1036127,21733546,284319,6151,219393
9/23/20,31980407,1042678,21996959,311653,6551,263413
9/24/20,32301360,1048346,22252629,320953,5668,255670
9/25/20,32631974,1054363,22491837,330614,6017,239208
9/26/20,32918085,1059795,22753980,286111,5432,262143
9/27/20,33165079,1063680,22967859,246994,3885,213879
9/28/20,33426328,1067794,23190401,261249,4114,222542
9/29/20,33709128,1073842,23431685,282800,6048,241284
9/30/20,34033675,1080268,23679903,324547,6426,248218
10/1/20,34352787,1089162,23901445,319112,8894,221542
10/2/20,34682292,1094892,24073730,329505,5730,172285
10/3/20,34979647,1099676,24329331,297355,4784,255601
10/4/20,35240179,1103717,24551490,260532,4041,222159
10/5/20,35551524,1110806,24788958,311345,7089,237468
10/6/20,35867647,1116668,25021584,316123,5862,232626
10/7/20,36216841,1122589,25276775,349194,5921,255191
10/8/20,36576162,1128972,25496281,359321,6383,219506
10/9/20,36936565,1135152,25703071,360403,6180,206790
10/10/20,37292089,1140057,25898476,355524,4905,195405
10/11/20,37581583,1144252,26121116,289494,4195,222640
10/12/20,37871608,1148379,26321235,290025,4127,200119
10/13/20,38190980,1153728,26513680,319372,5349,192445
10/14/20,38571764,1159891,26725965,380784,6163,212285
10/15/20,38978760,1166100,26933292,406996,6209,207327
10/16/20,39389280,1172313,27136306,410520,6213,203014
10/17/20,39761413,1178040,27334589,372133,5727,198283
10/18/20,40092656,1181999,27536100,331243,3959,201511
10/19/20,40467606,1186841,27738631,374950,4842,202531
10/20/20,40856480,1193465,27950078,388874,6624,211447
10/21/20,41296091,1200368,28161300,439611,6903,211222
10/22/20,41778168,1206346,28388093,482077,5978,226793
10/23/20,42272069,1213450,28594827,493901,7104,206734
10/24/20,42728414,1219368,28806408,456345,5918,211581
10/25/20,43087247,1223733,29003666,358833,4365,197258
10/26/20,43570291,1229572,29242801,483044,5839,239135
10/27/20,44038754,1236958,29832506,468463,7386,589705
10/28/20,44560523,1244133,30098468,521769,7175,265962
10/29/20,45111898,1251370,30345219,551375,7237,246751
10/30/20,45683640,1259145,30600993,571742,7775,255774
10/31/20,46155745,1265816,30845322,472105,6671,244329
11/1/20,46594934,1271172,31103269,439189,5356,257947
11/2/20,47143303,1277629,31383406,548369,6457,280137
11/3/20,47708817,1287201,31634979,565514,9572,251573
11/4/20,48200961,1297094,31914298,492144,9893,279319
11/5/20,48820295,1305834,32217953,619334,8740,303655
11/6/20,49443478,1314990,32506314,623183,9156,288361
11/7/20,50042669,1322776,32805330,599191,7786,299016
11/8/20,50533518,1329177,33058570,490849,6401,253240
11/9/20,51043324,1336758,33315623,509806,7581,257053
11/10/20,51614069,1346533,33572983,570745,9775,257360
11/11/20,52238734,1356950,33953207,624665,10417,380224
11/12/20,52878929,1366665,34179446,640195,9715,226239
11/13/20,53539863,1376562,34481578,660934,9897,302132
11/14/20,54126889,1385731,34759397,587026,9169,277819
11/15/20,54617117,1392659,34990157,490228,6928,230760
11/16/20,55142751,1400713,35380887,525634,8054,390730
11/17/20,55745063,1411682,35814478,602312,10969,433591
11/18/20,56367328,1423148,36177588,622265,11466,363110
11/19/20,57021314,1434288,36551887,653986,11140,374299
11/20/20,57695345,1446066,36907311,674031,11778,355424
11/21/20,58287916,1455371,37246581,592571,9305,339270
11/22/20,58785996,1463040,37520305,498080,7669,273724
11/23/20,59320006,1471765,37931518,534010,8725,411213
11/24/20,59910792,1484276,38303697,590786,12511,372179
11/25/20,60527871,1496269,38741107,617079,11993,437410
11/26/20,61117132,1507211,39107983,589261,10942,366876
11/27/20,61812474,1518732,39489609,695342,11521,381626
11/28/20,62420041,1528249,39849315,607567,9517,359706
11/29/20,62915662,1535902,40167598,495621,7653,318283
11/30/20,63422239,1544981,40569854,506577,9079,402256
12/1/20,64037142,1557368,41046058,614903,12387,476204
12/2/20,64677389,1569854,41508984,640247,12486,462926
12/3/20,65367986,1582561,41935968,690597,12707,426984
12/4/20,66064345,1594992,42426585,696359,12431,490617
12/5/20,66706697,1605596,42862533,642352,10604,435948
12/6/20,67250638,1613691,43178577,543941,8095,316044
12/7/20,67785484,1622523,43591716,534846,8832,413139
12/8/20,68416150,1634560,44032487,630666,12037,440771
12/9/20,69081500,1647129,44458967,665350,12569,426480
12/10/20,70576907,1659547,44950193,1495407,12418,491226
12/11/20,71282658,1672729,45428333,705751,13182,478140
12/12/20,71931348,1683558,46933276,648690,10829,1504943
12/13/20,72470142,1691787,47328395,538794,8229,395119
12/14/20,73021298,1700981,41338398,551156,9194,0
12/15/20,73669919,1714204,41696562,648621,13223,358164
12/16/20,74387461,1728111,42058782,717542,13907,362220
12/17/20,75126063,1741277,42434191,738602,13166,375409
12/18/20,75847501,1754342,42751919,721438,13065,317728
12/19/20,76483006,1765600,43103505,635505,11258,351586
12/20/20,77030307,1773979,43380334,547301,8379,276829
12/21/20,77576529,1783464,43723554,546222,9485,343220
12/22/20,78227986,1797308,44086739,651457,13844,363185
12/23/20,78910081,1811049,44410879,682095,13741,324140
12/24/20,79603472,1823258,44725551,693391,12209,314672
12/25/20,80096696,1831882,45017157,493224,8624,291606
12/26/20,80629340,1840235,45425321,532644,8353,408164
12/27/20,81042534,1848389,45717709,413194,8154,292388
12/28/20,81541719,1857935,46016135,499185,9546,298426
12/29/20,82213594,1872872,46369230,671875,14937,353095
12/30/20,82938894,1888314,46757475,725300,15442,388245
12/31/20,83778622,1901777,47055807,839728,13463,298332
1/1/21,84342314,1911418,47359111,563692,9641,303304
1/2/21,84946690,1920880,47614296,604376,9462,255185
1/3/21,85467020,1928820,47882778,520330,7940,268482
1/4/21,86024461,1938770,48173186,557441,9950,290408
1/5/21,86765351,1954189,48488547,740890,15419,315361
1/6/21,87556264,1969110,48801672,790913,14921,313125
1/7/21,88426222,1984073,49125603,869958,14963,323931
1/8/21,89261637,1999363,49422866,835415,15290,297263
1/9/21,90017904,2012679,49753111,756267,13316,330245
1/10/21,90619443,2022236,50023661,601539,9557,270550
1/11/21,91233917,2032515,50313949,614474,10279,290288
1/12/21,91926453,2049477,50657506,692536,16962,343557
1/13/21,92669726,2065943,51023567,743273,16466,366061
1/14/21,93428784,2081663,51396412,759058,15720,372845
1/15/21,94212637,2097380,51717034,783853,15717,320622
1/16/21,94869509,2111413,52034089,656872,14033,317055
1/17/21,95397119,2121283,52349804,527610,9870,315715
1/18/21,95914366,2131731,52668557,517247,10448,318753
1/19/21,96507148,2147411,53071501,592782,15680,402944
1/20/21,97194354,2165160,53399272,687206,17749,327771
1/21/21,97863110,2182453,53765411,668756,17293,366139
1/22/21,98526596,2198512,54147168,663486,16059,381757
1/23/21,99103312,2213077,54463661,576716,14565,316493
1/24/21,99565294,2222839,54774618,461982,9762,310957
1/25/21,100046846,2233981,55089059,481552,11142,314441
1/26/21,100608158,2251396,55418602,561312,17415,329543
1/27/21,101209122,2268312,55759371,600964,16916,340769
1/28/21,101824237,2284838,56075030,615115,16526,315659
1/29/21,102413219,2300601,56439137,588982,15763,364107
1/30/21,102928083,2313886,56790303,514864,13285,351166
1/31/21,103324692,2323435,57079202,396609,9549,288899
2/1/21,103767694,2333683,57351844,443002,10248,272642
2/2/21,104233148,2348540,57702034,465454,14857,350190
2/3/21,104758397,2364399,58031881,525249,15859,329847
2/4/21,105230171,2377326,58325870,471774,12927,293989
2/5/21,105766676,2394507,58607157,536505,17181,281287
2/6/21,106201874,2406362,58901714,435198,11855,294557
2/7/21,106553422,2414130,59179149,351548,7768,277435
2/8/21,106893339,2423690,59411983,339917,9560,232834
2/9/21,107300629,2438420,59783591,407290,14730,371608
2/10/21,107741093,2452277,60052899,440464,13857,269308
2/11/21,108184860,2466147,60328984,443767,13870,276085
2/12/21,108614449,2479026,60616583,429589,12879,287599
2/13/21,108994937,2489712,60862826,380488,10686,246243
2/14/21,109303582,2496818,61058257,308645,7106,195431
2/15/21,109584404,2504635,61346870,280822,7817,288613
2/16/21,109944197,2515738,61582275,359793,11103,235405
2/17/21,110330576,2527093,61876216,386379,11355,293941
2/18/21,110741376,2539082,62112834,410800,11989,236618
2/19/21,111151038,2550740,62347470,409662,11658,234636
2/20/21,111526248,2559836,62616686,375210,9096,269216
2/21/21,111845811,2566627,62833943,319563,6791,217257
2/22/21,112141380,2573874,63016513,295569,7247,182570
2/23/21,112534122,2585355,63295143,392742,11481,278630
2/24/21,112979052,2597797,63504602,444930,12442,209459
2/25/21,113432016,2608800,63732294,452964,11003,227692
2/26/21,113873956,2619349,63992562,441940,10549,260268
2/27/21,114270693,2628079,64243284,396737,8730,250722
2/28/21,114578478,2634579,64418461,307785,6500,175177
3/1/21,114883979,2642087,64633387,305501,7508,214926
3/2/21,115197242,2652344,64903491,313263,10257,270104
3/3/21,115639088,2663901,65132899,441846,11557,229408
3/4/21,116097496,2674306,65383179,458408,10405,250280
3/5/21,116546593,2684847,65609539,449097,10541,226360
3/6/21,116960620,2693104,65846042,414027,8257,236503
3/7/21,117335064,2699185,66084362,374444,6081,238320
3/8/21,117640533,2706378,66358920,305469,7193,274558
3/9/21,118054577,2716871,66621153,414044,10493,262233
3/10/21,118513444,2727028,66856509,458867,10157,235356
3/11/21,119003124,2737241,67129126,489680,10213,272617
3/12/21,119492372,2747105,67397682,489248,9864,268556
3/13/21,119947968,2755757,67650214,455596,8652,252532
3/14/21,120313043,2761748,67895902,365075,5991,245688
3/15/21,120667127,2769255,68185781,354084,7507,289879
3/16/21,121134161,2779868,68452266,467034,10613,266485
3/17/21,121679877,2790458,68716802,545716,10590,264536
3/18/21,122227806,2801179,68985878,547929,10721,269076
3/19/21,122790345,2811995,69264939,562539,10816,279061
3/20/21,123288792,2820738,69523150,498447,8743,258211
3/21/21,123729261,2829290,69803249,440469,8552,280099
3/22/21,124150452,2837256,70137878,421191,7966,334629
3/23/21,124656291,2848741,70451020,505839,11485,313142
3/24/21,125285990,2859349,70786662,629699,10608,335642
3/25/21,125938183,2870902,71098479,652193,11553,311817
3/26/21,126578225,2883671,71463065,640042,12769,364586
3/27/21,127162758,2893881,71768318,584533,10210,305253
3/28/21,127655412,2901166,72097106,492654,7285,328788
3/29/21,128114688,2909829,72401542,459276,8663,304436
3/30/21,128676894,2921730,72736785,562206,11901,335243
3/31/21,129350790,2934661,73119294,673896,12931,382509
4/1/21,130060609,2946963,73464080,709819,12302,344786
4/2/21,130705394,2957615,73784287,644785,10652,320207
4/3/21,131245744,2966954,74150288,540350,9339,366001
4/4/21,131805666,2974382,74498476,559922,7428,348188
4/5/21,132302655,2982636,74846289,496989,8254,347813
4/6/21,132910149,2995089,75216285,607494,12453,369996
4/7/21,133573288,3010448,75699590,663139,15359,483305
4/8/21,134409344,3024749,76094849,836056,14301,395259
4/9/21,135156662,3039094,76548562,747318,14345,453713
4/10/21,135827306,3052100,76933556,670644,13006,384994
4/11/21,136536918,3061223,77464028,709612,9123,530472
4/12/21,137150764,3071131,77858760,613846,9908,394732
4/13/21,137914588,3084925,78345222,763824,13794,486462
4/14/21,138725902,3099015,78792112,811314,14090,446890
4/15/21,139547133,3112671,79236514,821231,13656,444402
4/16/21,140406983,3126051,79740631,859850,13380,504117
4/17/21,141200970,3138668,80259167,793987,12617,518536
4/18/21,141901080,3147807,80839358,700110,9139,580191
4/19/21,142592012,3158941,81374733,690932,11134,535375
4/20/21,143431609,3173235,81979570,839597,14294,604837
4/21/21,144320851,3187988,82491870,889242,14753,512300
4/22/21,145220252,3201909,83128166,899401,13921,636296
4/23/21,146127911,3217170,83767998,907659,15261,639832
4/24/21,146952141,3230302,84344289,824230,13132,576291
4/25/21,147680627,3241075,84878103,728486,10773,533814
4/26/21,148369677,3252705,85565469,689050,11630,687366
4/27/21,149208799,3267706,86246373,839122,15001,680904
4/28/21,150107590,3283651,86843038,898791,15945,596665
4/29/21,151001625,3299390,87550354,894035,15739,707316
4/30/21,151892994,3313809,88236950,891369,14419,686596
5/1/21,152687904,3326848,88919400,794910,13039,682450
5/2/21,153375175,3337179,89612414,687271,10331,693014
5/3/21,154065632,3348864,90255903,690457,11685,643489
5/4/21,154850588,3362923,90912803,784956,14059,656900
5/5/21,155692589,3377827,91626285,842001,14904,713482
5/6/21,156565435,3392403,92301897,872846,14576,675612
5/7/21,157400261,3406868,92998026,834826,14465,696129
5/8/21,158188559,3420197,93709031,788298,13329,711005
5/9/21,158837968,3430671,94371824,649409,10474,662793
5/10/21,159463612,3441763,95000510,625644,11092,628686
5/11/21,160189411,3455934,95751514,725799,14171,751004
5/12/21,160956898,3470075,96399063,767487,14141,647549
5/13/21,161691597,3483510,97089180,734699,13435,690117
5/14/21,162401162,3496538,97754527,709565,13028,665347
5/15/21,163032774,3508823,98397064,631612,12285,642537
5/16/21,163579396,3519124,99064468,546622,10301,667404
5/17/21,164122938,3530454,99808930,543542,11330,744462
5/18/21,164742576,3544530,100552043,619638,14076,743113
5/19/21,165414621,3557987,101250070,672045,13457,698027
5/20/21,165696927,3571167,101886759,282306,13180,636689
5/21/21,166323402,3584143,102501547,626475,12976,614788
5/22/21,166895763,3595588,103118308,572361,11445,616761
5/23/21,167377386,3605452,103620279,481623,9864,501971
5/24/21,167828464,3614598,104247871,451078,9146,627592
5/25/21,168361871,3627580,104824934,533407,12982,577063
5/26/21,168930299,3640387,105380747,568428,12807,555813
5/27/21,169477196,3653327,106078105,546897,12940,697358
5/28/21,169982707,3665348,106633068,505511,12021,554963
5/29/21,170463127,3676155,107140668,480420,10807,507600
5/30/21,170853074,3684555,107630597,389947,8400,489929
5/31/21,171240130,3693252,108159766,387056,8697,529169
6/1/21,171700134,3708466,108743649,460004,15214,583883
6/2/21,172187762,3720392,109272023,487628,11926,528374
6/3/21,172668261,3730550,109701213,480499,10158,429190
6/4/21,173093152,3741209,110226715,424891,10659,525502
6/5/21,173489803,3750622,110704845,396651,9413,478130
6/6/21,173812784,3757928,111146371,322981,7306,441526
6/7/21,174134551,3766003,111568368,321767,8075,421997
6/8/21,174504668,3776657,111983104,370117,10654,414736
6/9/21,174922960,3786840,112435799,418292,10183,452695
6/10/21,175376464,3802820,112849488,453504,15980,413689
6/11/21,175798501,3814560,113225020,422037,11740,375532
6/12/21,176166881,3824370,113563994,368380,9810,338974
6/13/21,176469682,3833641,113993655,302801,9271,429661
6/14/21,176778984,3841632,114340429,309302,7991,346774
6/15/21,177153741,3852383,114800574,374757,10751,460145
6/16/21,177542916,3862466,115149801,389175,10083,349227
6/17/21,177938911,3871765,115530279,395995,9299,380478
6/18/21,178342418,3880958,115849842,403507,9193,319563
6/19/21,178689716,3889039,116181692,347298,8081,331850
6/20/21,178994480,3895907,116446786,304764,6868,265094
6/21/21,179291135,3902891,116804004,296655,6984,357218
6/22/21,179701349,3911876,117107408,410214,8985,303404
6/23/21,180097972,3921222,117507151,396623,9346,399743
6/24/21,180507231,3929883,117796862,409259,8661,289711
6/25/21,180924899,3939117,118125509,417668,9234,328647
6/26/21,181287796,3946659,118420068,362897,7542,294559
6/27/21,181599032,3952754,118678807,311236,6095,258739
6/28/21,181932050,3959315,119006263,333018,6561,327456
6/29/21,182313258,3967474,119299679,381208,8159,293416
6/30/21,182712726,3976679,119580620,399468,9205,280941
7/1/21,183148268,3985220,120008476,435542,8541,427856
7/2/21,183590610,3993596,120299518,442342,8376,291042
7/3/21,183964437,4000499,120569293,373827,6903,269775
7/4/21,184292181,4007139,120868181,327744,6640,298888
7/5/21,184670098,4014530,121235174,377917,7391,366993
7/6/21,185120629,4023012,121563017,450531,8482,327843
7/7/21,185585871,4031566,121831180,465242,8554,268163
7/8/21,186067750,4040486,122123831,481879,8920,292651
7/9/21,186580986,4048903,122462949,513236,8417,339118
7/10/21,187002099,4055467,122907153,421113,6564,444204
7/11/21,187371991,4063098,123197639,369892,7631,290486
7/12/21,187806155,4071240,123499875,434164,8142,302236
7/13/21,188331814,4079621,123783322,525659,8381,283447
7/14/21,188869796,4088212,124113063,537982,8591,329741
7/15/21,189446223,4096847,124394119,576427,8635,281056
7/16/21,190042161,4105608,124784824,595938,8761,390705
7/17/21,190531011,4113118,125065613,488850,7510,280789
7/18/21,190951220,4119721,125382096,420209,6603,316483
7/19/21,191440687,4126947,125688817,489467,7226,306721
7/20/21,191973106,4147646,126008997,532419,20699,320180
7/21/21,192529214,4156313,126315580,556108,8667,306583
7/22/21,193094403,4165094,126671708,565189,8781,356128
7/23/21,193822543,4173425,126918098,728140,8331,246390
7/24/21,194254462,4182089,127435324,431919,8664,517226
7/25/21,194700076,4189471,127762741,445614,7382,327417
7/26/21,195240703,4197977,128063201,540627,8506,300460
7/27/21,195847033,4207766,128409040,606330,9789,345839
7/28/21,196497116,4217888,128745703,650083,10122,336663
7/29/21,197139985,4228154,129094091,642869,10266,348388
7/30/21,197872339,4237757,129401282,732354,9603,307191
7/31/21,198389684,4246601,129705211,517345,8844,303929
8/1/21,198872752,4254020,129994389,483068,7419,289178
8/2/21,199443855,4262171,130277533,571103,8151,283144
8/3/21,200078130,4272524,130582001,634275,10353,304468
8/4/21,200758588,4283016,130899061,680458,10492,317060
8/5/21,201444210,4294008,0,685622,10992,0
8/6/21,202263736,4304479,0,819526,10471,0
8/7/21,202825005,4313156,0,561269,8677,0
8/8/21,203292722,4320653,0,467717,7497,0
8/9/21,203911805,4329483,0,619083,8830,0
8/10/21,204557617,4341001,0,645812,11518,0
8/11/21,205288310,4351528,0,730693,10527,0
8/12/21,205994052,4362040,0,705742,10512,0
8/13/21,206795847,4372514,0,801795,10474,0
8/14/21,207348758,4381256,0,552911,8742,0
8/15/21,207815449,4388700,0,466691,7444,0
8/16/21,208479793,4398564,0,664344,9864,0
8/17/21,209162480,4409274,0,682687,10710,0
8/18/21,209898123,4420094,0,735643,10820,0
8/19/21,210609857,4431541,0,711734,11447,0
8/20/21,211395070,4442035,0,785213,10494,0
8/21/21,211954124,4450955,0,559054,8920,0
8/22/21,212402204,4458738,0,448080,7783,0
8/23/21,213086398,4468791,0,684194,10053,0
8/24/21,213763171,4479815,0,676773,11024,0
8/25/21,214500582,4491128,0,737411,11313,0
8/26/21,215237031,4502719,0,736449,11591,0
8/27/21,215988154,4513136,0,751123,10417,0
8/28/21,216545334,4521572,0,557180,8436,0
8/29/21,216992164,4528394,0,446830,6822,0
8/30/21,217664015,4537965,0,671851,9571,0
8/31/21,218284677,4547280,0,620662,9315,0
9/1/21,219003757,4559705,0,719080,12425,0
9/2/21,219680532,4570959,0,676775,11254,0
9/3/21,220404105,4581684,0,723573,10725,0
9/4/21,220900816,4589458,0,496711,7774,0
9/5/21,221347788,4596034,0,446972,6576,0
9/6/21,221825561,4604204,0,477773,8170,0
9/7/21,222482051,4614669,0,656490,10465,0
9/8/21,223119762,4624746,0,637711,10077,0
9/9/21,223759907,4635493,0,640145,10747,0
9/10/21,224418618,4644672,0,658711,9179,0
9/11/21,224887140,4653045,0,468522,8373,0
9/12/21,225258543,4658713,0,371403,5668,0
9/13/21,225836445,4667871,0,577902,9158,0
9/14/21,226386274,4677775,0,549829,9904,0
9/15/21,226953125,4688201,0,566851,10426,0
9/16/21,227540479,4698716,0,587354,10515,0
9/17/21,228163698,4707779,0,623219,9063,0
9/18/21,228687569,4714262,0,523871,6483,0
9/19/21,229050966,4720360,0,363397,6098,0
9/20/21,229581157,4728733,0,530191,8373,0
9/21/21,230069837,4738088,0,488680,9355,0
9/22/21,230604815,4747809,0,534978,9721,0
9/23/21,231152445,4757656,0,547630,9847,0
9/24/21,231701691,4766356,0,549246,8700,0
9/25/21,232075693,4771829,0,374002,5473,0
9/26/21,232431512,4777361,0,355819,5532,0
9/27/21,232914281,4785135,0,482769,7774,0
9/28/21,233365258,4794511,0,450977,9376,0
9/29/21,233856235,4803804,0,490977,9293,0
9/30/21,234346132,4812680,0,489897,8876,0
10/1/21,234868134,4821315,0,522002,8635,0
10/2/21,235218776,4827259,0,350642,5944,0
10/3/21,235527819,4831615,0,309043,4356,0
10/4/21,235974883,4838855,0,447064,7240,0
10/5/21,236397732,4846217,0,422849,7362,0
10/6/21,236904785,4855353,0,507053,9136,0
10/7/21,237366619,4864310,0,461834,8957,0
10/8/21,237842039,4871872,0,475420,7562,0
10/9/21,238182243,4876698,0,340204,4826,0
10/10/21,238498696,4881452,0,316453,4754,0
10/11/21,238886684,4887418,0,387988,5966,0
10/12/21,239324892,4895389,0,438208,7971,0
10/13/21,239781314,4904291,0,456422,8902,0
10/14/21,240234710,4912300,0,453396,8009,0
10/15/21,240692696,4919505,0,457986,7205,0
10/16/21,241034054,4924851,0,341358,5346,0
10/17/21,241347355,4929210,0,313301,4359,0
10/18/21,241775141,4935809,0,427786,6599,0
10/19/21,242206709,4943758,0,431568,7949,0
10/20/21,242683018,4952429,0,476309,8671,0
10/21/21,243145068,4960196,0,462050,7767,0
10/22/21,243637892,4968369,0,492824,8173,0
10/23/21,244008150,4974256,0,370258,5887,0
10/24/21,244317353,4978899,0,309203,4643,0
10/25/21,244769753,4985790,0,452400,6891,0
10/26/21,245196224,4993535,0,426471,7745,0
10/27/21,245710221,5002670,0,513997,9135,0
10/28/21,246193247,5011607,0,483026,8937,0
10/29/21,246687330,5019428,0,494083,7821,0
10/30/21,247061943,5025432,0,374613,6004,0
10/31/21,247410790,5030069,0,348847,4637,0
11/1/21,247868435,5036555,0,457645,6486,0
11/2/21,248272884,5043629,0,404449,7074,0
11/3/21,248797676,5052089,0,524792,8460,0
11/4/21,249315133,5059658,0,517457,7569,0
11/5/21,249839415,5068238,0,524282,8580,0
11/6/21,250245164,5074885,0,405749,6647,0
11/7/21,250585863,5079504,0,340699,4619,0
11/8/21,251110911,5086314,0,525048,6810,0
11/9/21,251580325,5094315,0,469414,8001,0
11/10/21,252153854,5102578,0,573529,8263,0
11/11/21,252674737,5110254,0,520883,7676,0
11/12/21,253274490,5119251,0,599753,8997,0
11/13/21,253670214,5125542,0,395724,6291,0
11/14/21,254018493,5130270,0,348279,4728,0
11/15/21,254620079,5137386,0,601586,7116,0
11/16/21,255126904,5144998,0,506825,7612,0
11/17/21,255742113,5154150,0,615209,9152,0
11/18/21,256363770,5162439,0,621657,8289,0
11/19/21,256978407,5170412,0,614637,7973,0
11/20/21,257416423,5176440,0,438016,6028,0
11/21/21,257796215,5181079,0,379792,4639,0
11/22/21,258500870,5188530,0,704655,7451,0
11/23/21,259093463,5196540,0,592593,8010,0
11/24/21,259751368,5205110,0,657905,8570,0
11/25/21,260348589,5212967,0,597221,7857,0
11/26/21,260962280,5219862,0,613691,6895,0
11/27/21,261381085,5225727,0,418805,5865,0
11/28/21,261770875,5230630,0,389790,4903,0
11/29/21,262513214,5238554,0,742339,7924,0
11/30/21,263113681,5246577,0,600467,8023,0
12/1/21,263816145,5255817,0,702464,9240,0
12/2/21,264523382,5265978,0,707237,10161,0
12/3/21,265254220,5274569,0,730838,8591,0
12/4/21,265726430,5280087,0,472210,5518,0
12/5/21,266146231,5287507,0,419801,7420,0
12/6/21,266849953,5294966,0,703722,7459,0
12/7/21,267489200,5302689,0,639247,7723,0
12/8/21,268200544,5310986,0,711344,8297,0
12/9/21,268898928,5319552,0,698384,8566,0
12/10/21,269592462,5327568,0,693534,8016,0
12/11/21,270059366,5333403,0,466904,5835,0
12/12/21,270485916,5337997,0,426550,4594,0
12/13/21,271179799,5344930,0,693883,6933,0
12/14/21,271816596,5352663,0,636797,7733,0
12/15/21,272556770,5361688,0,740174,9025,0
12/16/21,273300997,5369034,0,744227,7346,0
12/17/21,274068563,5376334,0,767566,7300,0
12/18/21,274598505,5382005,0,529942,5671,0
12/19/21,275083461,5386352,0,484956,4347,0
12/20/21,275893527,5393631,0,810066,7279,0
12/21/21,276652188,5401189,0,758661,7558,0
12/22/21,277566671,5411559,0,914483,10370,0
12/23/21,278578699,5418816,0,1012028,7257,0
12/24/21,279434799,5424511,0,856100,5695,0
12/25/21,280116791,5428824,0,681992,4313,0
12/26/21,280692270,5432656,0,575479,3832,0
12/27/21,282033889,5439626,0,1341619,6970,0
12/28/21,283370260,5447300,0,1336371,7674,0
12/29/21,285075127,5455241,0,1704867,7941,0
12/30/21,287025253,5462660,0,1950126,7419,0
12/31/21,288728291,5469019,0,1703038,6359,0
1/1/22,289931428,5473282,0,1203137,4263,0
1/2/22,290849939,5476678,0,918511,3396,0
1/3/22,293188320,5482492,0,2338381,5814,0
1/4/22,295801747,5491173,0,2613427,8681,0
1/5/22,298385756,5498943,0,2584009,7770,0
1/6/22,301054978,5506555,0,2669222,7612,0
1/7/22,304008616,5513806,0,2953638,7251,0
1/8/22,306145200,5519014,0,2136584,5208,0
1/9/22,308150282,5523075,0,2005082,4061,0
1/10/22,311401997,5529985,0,3251715,6910,0
1/11/22,314432404,5539088,0,3030407,9103,0
1/12/22,317879058,5548116,0,3446654,9028,0
1/13/22,321066163,5556348,0,3187105,8232,0
1/14/22,324382616,5564318,0,3316453,7970,0
1/15/22,326810379,5570448,0,2427763,6130,0
1/16/22,328981578,5574962,0,2171199,4514,0
1/17/22,331759391,5581472,0,2777813,6510,0
1/18/22,335523995,5590572,0,3764604,9100,0
1/19/22,339607276,5600509,0,4083281,9937,0
1/20/22,343341570,5610150,0,3734294,9641,0
1/21/22,347151687,5620108,0,3810117,9958,0
1/22/22,349801473,5626133,0,2649786,6025,0
1/23/22,352184811,5631303,0,2383338,5170,0
1/24/22,355817671,5640214,0,3632860,8911,0
1/25/22,359471485,5650697,0,3653814,10483,0
1/26/22,363233158,5661409,0,3761673,10712,0
1/27/22,366932890,5671713,0,3699732,10304,0
1/28/22,370611819,5684057,0,3678929,12344,0
1/29/22,373175361,5691951,0,2563542,7894,0
1/30/22,375352380,5697504,0,2177019,5553,0
1/31/22,379211855,5707928,0,3859475,10424,0
2/1/22,382341587,5720605,0,3129732,12677,0
2/2/22,385526232,5732521,0,3184645,11916,0
2/3/22,388720309,5744164,0,3194077,11643,0
2/4/22,391675874,5757335,0,2955565,13171,0
2/5/22,393779507,5765553,0,2103633,8218,0
2/6/22,395542316,5771531,0,1762809,5978,0
2/7/22,398516432,5782632,0,2974116,11101,0
2/8/22,401116122,5795427,0,2599690,12795,0
2/9/22,403549117,5808554,0,2432995,13127,0
2/10/22,406363391,5820436,0,2814274,11882,0
2/11/22,408788228,5832423,0,2424837,11987,0
2/12/22,410513339,5841073,0,1725111,8650,0
2/13/22,411919279,5846347,0,1405940,5274,0
2/14/22,413962163,5857576,0,2042884,11229,0
2/15/22,415832953,5868222,0,1870790,10646,0
2/16/22,418072759,5881335,0,2239806,13113,0
2/17/22,420135672,5893543,0,2062913,12208,0
2/18/22,422119106,5904181,0,1983434,10638,0
2/19/22,423596187,5912539,0,1477081,8358,0
2/20/22,424789720,5917919,0,1193533,5380,0
2/21/22,426495378,5925467,0,1705658,7548,0
2/22/22,428169102,5935518,0,1673724,10051,0
2/23/22,430086590,5947505,0,1917488,11987,0
2/24/22,431874501,5958316,0,1787911,10811,0
2/25/22,433528807,5967385,0,1654306,9069,0
2/26/22,434802795,5973927,0,1273988,6542,0
2/27/22,435854949,5978627,0,1052154,4700,0
2/28/22,437463827,5986294,0,1608878,7667,0
3/1/22,439062564,5994765,0,1598737,8471,0
3/2/22,440722439,6002946,0,1659875,8181,0
3/3/22,442497646,6011120,0,1775207,8174,0
3/4/22,444260070,6019817,0,1762424,8697,0
3/5/22,445550401,6025459,0,1290331,5642,0
3/6/22,446660147,6029686,0,1109746,4227,0
3/7/22,448401620,6037552,0,1741473,7866,0
3/8/22,449985919,6044438,0,1584299,6886,0
3/9/22,451976099,6052634,0,1990180,8196,0
3/10/22,453847080,6060159,0,1870981,7525,0
3/11/22,455719680,6066369,0,1872600,6210,0
3/12/22,457280387,6071102,0,1560707,4733,0
3/13/22,458418032,6074656,0,1137645,3554,0
3/14/22,460415942,6080255,0,1997910,5599,0
3/15/22,462225344,6085871,0,1809402,5616,0
3/16/22,464464205,6092759,0,2238861,6888,0
3/17/22,466542109,6099841,0,2077904,7082,0
3/18/22,468433636,6105602,0,1891527,5761,0
3/19/22,469913015,6109457,0,1479379,3855,0
3/20/22,470873843,6112784,0,960828,3327,0
3/21/22,472753728,6128916,0,1879885,16132,0
3/22/22,474730951,6133991,0,1977223,5075,0
3/23/22,476534854,6139975,0,1803903,5984,0
3/24/22,478319055,6145245,0,1784201,5270,0
3/25/22,480078626,6154420,0,1759571,9175,0
3/26/22,481203035,6157240,0,1124409,2820,0
3/27/22,482053796,6159875,0,850761,2635,0
3/28/22,483898093,6164157,0,1844297,4282,0
3/29/22,485649915,6168605,0,1751822,4448,0
3/30/22,487247590,6173509,0,1597675,4904,0
3/31/22,488810861,6178001,0,1563271,4492,0
4/1/22,490229883,6182878,0,1419022,4877,0
4/2/22,491102544,6185451,0,872661,2573,0
4/3/22,491795689,6187345,0,693145,1894,0
4/4/22,493029039,6190722,0,1233350,3377,0
4/5/22,494394436,6194890,0,1365397,4168,0
4/6/22,495614407,6199209,0,1219971,4319,0
4/7/22,496892754,6203530,0,1278347,4321,0
4/8/22,498067151,6207458,0,1174397,3928,0
4/9/22,498809406,6209802,0,742255,2344,0
4/10/22,499371019,6211574,0,561613,1772,0
4/11/22,500357346,6214427,0,986327,2853,0
4/12/22,501476932,6217706,0,1119586,3279,0
4/13/22,502551958,6221772,0,1075026,4066,0
4/14/22,503514561,6225333,0,962603,3561,0
4/15/22,504173546,6227807,0,658985,2474,0
4/16/22,504728004,6229417,0,554458,1610,0
4/17/22,505135766,6230953,0,407762,1536,0
4/18/22,505593027,6232516,0,457261,1563,0
4/19/22,506611148,6235533,0,1018121,3017,0
4/20/22,507572864,6239694,0,961716,4161,0
4/21/22,508494564,6242784,0,921700,3090,0
4/22/22,509326073,6245549,0,831509,2765,0
4/23/22,509804848,6247151,0,478775,1602,0
4/24/22,510170201,6248317,0,365353,1166,0
4/25/22,510807207,6250454,0,637006,2137,0
4/26/22,511586152,6254734,0,778945,4280,0
4/27/22,512270545,6257861,0,684393,3127,0
4/28/22,513029820,6260860,0,759275,2999,0
4/29/22,513674263,6263399,0,644443,2539,0
4/30/22,514028003,6264863,0,353740,1464,0
5/1/22,514337424,6266066,0,309421,1203,0
5/2/22,514784854,6267807,0,447430,1741,0
5/3/22,515456909,6270002,0,672055,2195,0
5/4/22,516084404,6273723,0,627495,3721,0
5/5/22,516684038,6275963,0,599634,2240,0
5/6/22,517314925,6278096,0,630887,2133,0
5/7/22,517654258,6279250,0,339333,1154,0
5/8/22,517933111,6280091,0,278853,841,0
5/9/22,518623538,6281977,0,690427,1886,0
5/10/22,519264799,6283976,0,641261,1999,0
5/11/22,519959508,6286202,0,694709,2226,0
5/12/22,520612153,6288197,0,652645,1995,0
5/13/22,521185114,6290079,0,572961,1882,0
5/14/22,521623840,6291043,0,438726,964,0
5/15/22,521997492,6291822,0,373652,779,0
5/16/22,522587922,6293400,0,590430,1578,0
5/17/22,523196288,6295253,0,608366,1853,0
5/18/22,523956899,6297614,0,760611,2361,0
5/19/22,524552967,6299347,0,596068,1733,0
5/20/22,525179079,6301345,0,626112,1998,0
5/21/22,525546242,6302438,0,367163,1093,0
5/22/22,525862056,6303048,0,315814,610,0
5/23/22,526355204,6304610,0,493148,1562,0
5/24/22,526949796,6306262,0,594592,1652,0
5/25/22,527593755,6308875,0,643959,2613,0
5/26/22,528096493,6310309,0,502738,1434,0
5/27/22,528666149,6312283,0,569656,1974,0
5/28/22,528995178,6313120,0,329029,837,0
5/29/22,529271873,6313739,0,276695,619,0
5/30/22,529616224,6314848,0,344351,1109,0
5/31/22,530241569,6316371,0,625345,1523,0
6/1/22,530939976,6318382,0,698407,2011,0
6/2/22,531470716,6320070,0,530740,1688,0
6/3/22,532014270,6321601,0,543554,1531,0
6/4/22,532267351,6322293,0,253081,692,0
6/5/22,532530338,6323106,0,262987,813,0
6/6/22,532965247,6324071,0,434909,965,0
6/7/22,533576907,6326085,0,611660,2014,0
6/8/22,534283486,6328655,0,706579,2570,0
6/9/22,534848531,6330211,0,565045,1556,0
6/10/22,535405294,6331910,0,556763,1699,0
6/11/22,535689085,6332832,0,283791,922,0
6/12/22,535887333,6333409,0,198248,577,0
6/13/22,536415150,6335097,0,527817,1688,0
6/14/22,537272203,6336934,0,857053,1837,0
6/15/22,537994296,6338929,0,722093,1995,0
6/16/22,538577138,6340792,0,582842,1863,0
6/17/22,539110151,6342051,0,533013,1259,0
6/18/22,539338742,6342696,0,228591,645,0
6/19/22,539607241,6343376,0,268499,680,0
6/20/22,540362445,6344898,0,755204,1522,0
6/21/22,541178509,6346630,0,816064,1732,0
6/22/22,541984328,6348658,0,805819,2028,0
6/23/22,542767959,6350472,0,783631,1814,0
6/24/22,543545293,6352244,0,777334,1772,0
6/25/22,543862216,6353044,0,316923,800,0
6/26/22,544148980,6353707,0,286764,663,0
6/27/22,545021364,6355178,0,872384,1471,0
6/28/22,545963319,6357110,0,941955,1932,0
6/29/22,546896134,6358937,0,932815,1827,0
6/30/22,547974317,6360329,0,1078183,1392,0
7/1/22,548925491,6362195,0,951174,1866,0
7/2/22,549284928,6363030,0,359437,835,0
7/3/22,549643412,6363765,0,358484,735,0
7/4/22,550495502,6364917,0,852090,1152,0
7/5/22,551700794,6367127,0,1205292,2210,0
7/6/22,552926114,6369463,0,1225320,2336,0
7/7/22,553979237,6372169,0,1053123,2706,0
7/8/22,554985885,6374458,0,1006648,2289,0
7/9/22,555489725,6375501,0,503840,1043,0
7/10/22,555912593,6376347,0,422868,846,0
7/11/22,556965871,6378130,0,1053278,1783,0
7/12/22,558188894,6380590,0,1223023,2460,0
7/13/22,559615969,6383201,0,1427075,2611,0
7/14/22,560618337,6385278,0,1002368,2077,0
7/15/22,561620875,6387586,0,1002538,2308,0
7/16/22,562173878,6388670,0,553003,1084,0
7/17/22,562633320,6389656,0,459442,986,0
7/18/22,563831363,6391734,0,1198043,2078,0
7/19/22,565376142,6394813,0,1544779,3079,0
7/20/22,566978238,6397714,0,1602096,2901,0
7/21/22,568132310,6400258,0,1154072,2544,0
7/22/22,569227609,6403118,0,1095299,2860,0
7/23/22,569864429,6404405,0,636820,1287,0
7/24/22,570415520,6405438,0,551091,1033,0
7/25/22,571389219,6407386,0,973699,1948,0
7/26/22,572585879,6410303,0,1196660,2917,0
7/27/22,574012504,6413653,0,1426625,3350,0
7/28/22,575128637,6416416,0,1116133,2763,0
7/29/22,576504042,6419438,0,1375405,3022,0
7/30/22,577080293,6420533,0,576251,1095,0
7/31/22,577625050,6421448,0,544757,915,0
8/1/22,578498268,6423883,0,873218,2435,0
8/2/22,579688847,6426763,0,1190579,2880,0
8/3/22,580844327,6429907,0,1155480,3144,0
8/4/22,582298507,6433081,0,1454180,3174,0
8/5/22,583199840,6436031,0,901333,2950,0
8/6/22,584378161,6437762,0,1178321,1731,0
8/7/22,584876085,6438704,0,497924,942,0
8/8/22,585692322,6441006,0,816237,2302,0
8/9/22,586732558,6444566,0,1040236,3560,0
8/10/22,587759595,6447272,0,1027037,2706,0
8/11/22,588765069,6450479,0,1005474,3207,0
8/12/22,589518048,6453293,0,752979,2814,0
8/13/22,590154612,6454777,0,636564,1484,0
8/14/22,590615366,6455771,0,460754,994,0
8/15/22,591470649,6458166,0,855283,2395,0
8/16/22,592553956,6461602,0,1083307,3436,0
8/17/22,593544473,6464838,0,990517,3236,0
8/18/22,594489234,6467820,0,944761,2982,0
8/19/22,595290702,6470533,0,801468,2713,0
8/20/22,595865130,6471724,0,574428,1191,0
8/21/22,596349664,6473445,0,484534,1721,0
8/22/22,597060819,6474866,0,711155,1421,0
8/23/22,597949972,6477794,0,889153,2928,0
8/24/22,598834543,6480950,0,884571,3156,0
8/25/22,599699548,6483907,0,865005,2957,0
8/26/22,600401903,6486436,0,702355,2529,0
8/27/22,600854582,6487647,0,452679,1211,0
8/28/22,601260827,6488670,0,406245,1023,0
8/29/22,601837965,6490683,0,577138,2013,0
8/30/22,602585861,6493182,0,747896,2499,0
8/31/22,603339040,6496550,0,753179,3368,0
9/1/22,604018804,6499102,0,679764,2552,0
9/2/22,604676287,6501819,0,657483,2717,0
9/3/22,605052969,6502896,0,376682,1077,0
9/4/22,605423358,6504007,0,370389,1111,0
9/5/22,605881148,6505453,0,457790,1446,0
9/6/22,606554997,6507768,0,673849,2315,0
9/7/22,607171546,6509944,0,616549,2176,0
9/8/22,607755506,6512183,0,583960,2239,0
9/9/22,608281134,6514478,0,525628,2295,0
9/10/22,608594366,6515421,0,313232,943,0
9/11/22,608908659,6516207,0,314293,786,0
9/12/22,609393741,6517720,0,485082,1513,0
9/13/22,609942218,6519702,-1,548477,1982,0
9/14/22,610640243,6522032,-1,698025,2330,0
9/15/22,611251541,6524602,-1,611298,2570,0
9/16/22,611707437,6526611,-1,455896,2009,0
9/17/22,612002534,6527461,-1,295097,850,0
9/18/22,612257111,6528049,-1,254577,588,0
9/19/22,612673963,6529431,-1,416852,1382,0
9/20/22,613227572,6531261,-1,553609,1830,0
9/21/22,613745750,6533318,0,518178,2057,1
9/22/22,614365390,6535513,0,619640,2195,0
9/23/22,614883451,6537341,0,518061,1828,0
9/24/22,615148616,6538177,0,265165,836,0
9/25/22,615371539,6538685,0,222923,508,0
9/26/22,615794219,6540058,0,422680,1373,0
9/27/22,616393758,6541661,0,599539,1603,0
9/28/22,616943716,6544003,0,549958,2342,0
9/29/22,617587849,6546289,0,644133,2286,0
9/30/22,618060372,6547762,0,472523,1473,0
10/1/22,618301429,6548432,0,241057,670,0
10/2/22,618502138,6548998,0,200709,566,0
10/3/22,618822004,6550361,0,319866,1363,0
10/4/22,619422193,6551963,0,600189,1602,0
10/5/22,620005197,6554150,0,583004,2187,0
10/6/22,620645800,6556162,0,640603,2012,0
10/7/22,621221027,6557961,0,575227,1799,0
10/8/22,621440044,6558674,0,219017,713,0
10/9/22,621658996,6559308,0,218952,634,0
10/10/22,622112629,6560625,0,453633,1317,0
10/11/22,622802836,6562536,0,690207,1911,0
10/12/22,623353219,6564438,0,550383,1902,0
10/13/22,624016113,6566543,0,662894,2105,0
10/14/22,624494008,6568259,0,477895,1716,0
10/15/22,624712097,6569036,0,218089,777,0
10/16/22,624904267,6569584,0,192170,548,0
10/17/22,625380762,6571344,0,476495,1760,0
10/18/22,626009472,6573191,0,628710,1847,0
10/19/22,626536431,6575434,0,526959,2243,0
10/20/22,627131819,6577637,0,595388,2203,0
10/21/22,627563033,6579639,0,431214,2002,0
10/22/22,627745374,6580259,0,182341,620,0
10/23/22,627906174,6580853,0,160800,594,0
10/24/22,628292158,6582173,0,385984,1320,0
10/25/22,628887107,6584353,0,594949,2180,0
10/26/22,629354131,6586858,0,467024,2505,0
10/27/22,629825004,6588984,0,470873,2126,0
10/28/22,630188852,6590467,0,363848,1483,0
10/29/22,630387961,6591138,0,199109,671,0
10/30/22,630555274,6591741,0,167313,603,0
10/31/22,630855587,6592962,0,300313,1221,0
11/1/22,631257223,6595764,0,401636,2802,0
11/2/22,631605553,6597350,0,348330,1586,0
11/3/22,632099160,6599695,0,493607,2345,0
11/4/22,632543650,6601673,0,444490,1978,0
11/5/22,632744972,6602286,0,201322,613,0
11/6/22,632931615,6602830,0,186643,544,0
11/7/22,633236212,6603974,0,304597,1144,0
11/8/22,633687028,6605250,0,450816,1276,0
11/9/22,634121053,6607365,0,434025,2115,0
11/10/22,634581453,6609457,0,460400,2092,0
11/11/22,635069827,6611165,0,488374,1708,0
11/12/22,635312334,6611612,0,242507,447,0
11/13/22,635495843,6612117,0,183509,505,0
11/14/22,635842682,6613462,0,346839,1345,0
11/15/22,636346431,6614527,0,503749,1065,0
11/16/22,636832747,6616833,0,486316,2306,0
11/17/22,637312096,6618875,0,479349,2042,0
11/18/22,637942820,6621234,0,630724,2359,0
11/19/22,638190175,6621728,0,247355,494,0
11/20/22,638412606,6622317,0,222431,589,0
11/21/22,638754188,6623443,0,341582,1126,0
11/22/22,639328415,6625184,0,574227,1741,0
11/23/22,639919189,6627291,0,590774,2107,0
11/24/22,640339580,6628690,0,420391,1399,0
11/25/22,641037771,6630892,0,698191,2202,0
11/26/22,641308397,6631404,0,270626,512,0
11/27/22,641571858,6631994,0,263461,590,0
11/28/22,641977647,6633172,0,405789,1178,0
11/29/22,642708342,6634772,0,730695,1600,0
11/30/22,643244123,6636401,0,535781,1629,0
12/1/22,643950364,6638794,0,706241,2393,0
12/2/22,644711955,6641139,0,761591,2345,0
12/3/22,645011864,6641748,0,299909,609,0
12/4/22,645269011,6642384,0,257147,636,0
12/5/22,645774500,6643774,0,505489,1390,0
12/6/22,646399010,6645516,0,624510,1742,0
12/7/22,647032502,6647694,0,633492,2178,0
12/8/22,647841604,6650703,0,809102,3009,0
12/9/22,648512056,6652882,0,670452,2179,0
12/10/22,648786733,6653491,0,274677,609,0
12/11/22,649085967,6654152,0,299234,661,0
12/12/22,649658720,6655818,0,572753,1666,0
12/13/22,650436793,6657780,0,778073,1962,0
12/14/22,651122541,6660233,0,685748,2453,0
12/15/22,651873247,6663038,0,750706,2805,0
12/16/22,652605304,6665736,0,732057,2698,0
12/17/22,652905777,6666547,0,300473,811,0
12/18/22,653189501,6667338,0,283724,791,0
12/19/22,653775912,6669159,0,586411,1821,0
12/20/22,654484792,6671373,0,708880,2214,0
12/21/22,655205564,6673938,0,720772,2565,0
12/22/22,655963530,6676603,0,757966,2665,0
12/23/22,656604975,6679286,0,641445,2683,0
12/24/22,656949354,6680275,0,344379,989,0
12/25/22,657135648,6681140,0,186294,865,0
12/26/22,657655053,6682247,0,519405,1107,0
12/27/22,658309208,6684351,0,654155,2104,0
12/28/22,658946340,6687147,0,637132,2796,0
12/29/22,659617625,6690067,0,671285,2920,0
12/30/22,660199728,6692483,0,582103,2416,0
12/31/22,660463792,6693376,0,264064,893,0
1/1/23,660778387,6694422,0,314595,1046,0
1/2/23,661198108,6695785,0,419721,1363,0
1/3/23,661660893,6698027,0,462785,2242,0
1/4/23,662231345,6700950,0,570452,2923,0
1/5/23,662966595,6704613,0,735250,3663,0
1/6/23,663685449,6707751,0,718854,3138,0
1/7/23,664042494,6708702,0,357045,951,0
1/8/23,664369944,6709761,0,327450,1059,0
1/9/23,664718936,6711921,0,348992,2160,0
1/10/23,665113877,6714281,0,394941,2360,0
1/11/23,665620426,6717557,0,506549,3276,0
1/12/23,666097539,6720999,0,477113,3442,0
1/13/23,666533383,6723980,0,435844,2981,0
1/14/23,666754735,6724994,0,221352,1014,0
1/15/23,666951599,6785897,0,196864,60903,0
1/16/23,667166217,6787220,0,214618,1323,0
1/17/23,667518310,6789239,0,352093,2019,0
1/18/23,667896028,6792400,0,377718,3161,0
1/19/23,668220526,6796012,0,324498,3612,0
1/20/23,668562246,6799459,0,341720,3447,0
1/21/23,668715650,6812953,0,153404,13494,0
1/22/23,668830077,6813633,0,114427,680,0
1/23/23,669001131,6815188,0,171054,1555,0
1/24/23,669272951,6817236,0,271820,2048,0
1/25/23,669567171,6819539,0,294220,2303,0
1/26/23,669848920,6822660,0,281749,3121,0
1/27/23,670086844,6824464,0,237924,1804,0
1/28/23,670220207,6831519,0,133363,7055,0
1/29/23,670344054,6832256,0,123847,737,0
1/30/23,670503932,6833468,0,159878,1212,0
1/31/23,670734589,6835338,0,230657,1870,0
2/1/23,671032404,6838027,0,297815,2689,0
2/2/23,671291489,6840771,0,259085,2744,0
2/3/23,671529548,6843097,0,238059,2326,0
2/4/23,671632287,6847046,0,102739,3949,0
2/5/23,671721476,6847646,0,89189,600,0
2/6/23,671867463,6848667,0,145987,1021,0
2/7/23,672065240,6849942,0,197777,1275,0
2/8/23,672295338,6851942,0,230098,2000,0
2/9/23,672554241,6854280,0,258903,2338,0
2/10/23,672696324,6855413,0,142083,1133,0
2/11/23,672828531,6856046,0,132207,633,0
2/12/23,672906177,6856419,0,77646,373,0
2/13/23,673044131,6857217,0,137954,798,0
2/14/23,673237731,6858411,0,193600,1194,0
2/15/23,673477639,6859933,0,239908,1522,0
2/16/23,673685532,6862019,0,207893,2086,0
2/17/23,673878833,6863873,0,193301,1854,0
2/18/23,673969796,6864248,0,90963,375,0
2/19/23,674056229,6864711,0,86433,463,0
2/20/23,674143589,6865287,0,87360,576,0
2/21/23,674323721,6866088,0,180132,801,0
2/22/23,674569824,6867909,0,246103,1821,0
2/23/23,674790916,6869817,0,221092,1908,0
2/24/23,674933342,6870806,0,142426,989,0
2/25/23,674978793,6871024,0,45451,218,0
2/26/23,675044414,6871268,0,65621,244,0
2/27/23,675171439,6871808,0,127025,540,0
2/28/23,675322238,6872682,0,150799,874,0
3/1/23,675542852,6874463,0,220614,1781,0
3/2/23,675731911,6876031,0,189059,1568,0
3/3/23,675914580,6877325,0,182669,1294,0
3/4/23,675968775,6877601,0,54195,276,0
3/5/23,676024901,6877749,0,56126,148,0
3/6/23,676082941,6878115,0,58040,366,0
3/7/23,676213378,6879038,0,130437,923,0
3/8/23,676392824,6880483,0,179446,1445,0
3/9/23,676570149,6881802,0,177325,1319,0
