timestamp,source_id,source_name,author,title,description,url,published_at
2025-11-17T11:12:11+00:00,the-times-of-india,The Times of India,Piyush Shukla,"Bitcoin price today: Why Bitcoin price suddenly sliding into a deep bear market? BTC sinks to six-month low below $94,000 as 2025 gains vanish and market wipes out $600 billion","Bitcoin price today: Bitcoin has slipped to a six-month low. The price fell 1.59% to $93,684. It briefly hit $92,971. The token is down over 10% this week. It has erased more than 30% YTD gains. The drop follows fading hopes of a Fed rate cut. Inflation signa…",https://economictimes.indiatimes.com/news/international/us/bitcoin-price-today-why-bitcoin-price-suddenly-sliding-into-a-deep-bear-market-btc-sinks-to-six-month-low-below-94000-as-2025-gains-vanish-and-market-wipes-out-600-billion/articleshow/125383551.cms,2025-11-17T11:12:11Z
2025-11-17T09:51:50+00:00,,Bitcoinist,Ben Wallis,Bitcoin Hyper Presale Nears $28M As Harvard Triples Bitcoin ETF Bet,"Quick Facts: ➡️ Harvard’s endowment has made a spot Bitcoin ETF its largest reported US equity holding, signaling growing institutional conviction in Bitcoin. ➡️ Expanding ETF ownership strengthens the case for Bitcoin-aligned infrastructure that can support …",https://bitcoinist.com/bitcoin-hyper-presale-harvard-triples-bitcoin-etf-holdings/,2025-11-17T09:51:50Z
2025-11-17T03:48:04+00:00,,Cointelegraph,Cointelegraph by Stephen Katte,Crypto execs speculate on what’s to blame as Bitcoin slumped under $94K,"Crypto prices have been suffering lately under outflows from ETFs and escalating geopolitical tensions, but the underlying market is still strong, crypto execs told Cointelegraph.",https://cointelegraph.com/news/crypto-slump-long-term-holders-selling-etf-outflows-macro-pressure,2025-11-17T03:48:04Z
2025-11-16T14:00:25+00:00,,CryptoSlate,Christina Comben,Bitcoin’s midlife crisis: Can the OG crypto win over Gen-Z before it’s too late?,"Bitcoin started its life as a rank outsider. It didn’t emerge from Silicon Valley ingenuity or the boardrooms of central banks. Rather, Bitcoin’s arrival in the fallout of the Great Financial Crisis was both perfectly timed and profoundly subversive. A whitep…",https://cryptoslate.com/bitcoins-midlife-crisis-can-the-og-crypto-win-over-gen-z-before-its-too-late/,2025-11-16T14:00:25Z
2025-11-15T20:49:35+00:00,,ZyCrypto,Brenda Ngari,"Harvard University Triples Its Bitcoin Exposure Amid Market Turmoil, Signaling Long-Term Institutional Confidence","Harvard has significantly ramped up its indirect Bitcoin exposure, sharply boosting its position in BlackRock’s spot BTC ETF.",https://zycrypto.com/harvard-university-triples-its-bitcoin-exposure-amid-market-turmoil-signaling-long-term-institutional-confidence/,2025-11-15T20:49:35Z
2025-11-15T17:00:55+00:00,the-times-of-india,The Times of India,Piyush Shukla,Bitcoin price prediction: Will BTC hit $170K or crash to $94K? JPMorgan explains its $94K floor and $170K outlook.,"Bitcoin price prediction: JPMorgan predicts Bitcoin’s price bottom at $94,000 and forecasts a surge to $170,000 within 6 to 12 months. This rise would push Bitcoin’s market cap close to $3.5 trillion. The forecast is based on Bitcoin’s risk-adjusted value com…",https://economictimes.indiatimes.com/news/international/us/bitcoin-price-prediction-will-btc-hit-170k-or-crash-to-94k-jpmorgan-explains-its-94k-floor-and-170k-outlook-/articleshow/125351335.cms,2025-11-15T17:00:55Z
2025-11-15T14:01:53+00:00,,CryptoSlate,Christina Comben,"At $96k, nearly 99% of BTC investors accumulating in past 155 days are holding at a loss","As the BTC price tumbles below $100,000, Glassnode would like to share a depressing stat. If you’ve been stacking sats anytime since late spring, it’s fair to say the honeymoon is officially on pause. With Bitcoin trading at $96,000, a whopping 99% of investo…",https://cryptoslate.com/at-96k-nearly-99-of-btc-investors-accumulating-in-past-155-days-are-holding-at-a-loss/,2025-11-15T14:01:53Z
2025-11-15T08:39:47+00:00,,Cryptonews,Amin Ayan,BitMine Names New CEO Amid Rapid Growth of Its $11B Ether Stack,BitMine Immersion Technologies has appointed a new chief executive as the company continues to build one of the largest Ether treasuries among publicly...,https://cryptonews.com/news/bitmine-names-new-ceo-amid-rapid-growth-of-its-11b-ether-stack/,2025-11-15T08:39:47Z
2025-11-14T19:45:39+00:00,,Yahoo Entertainment,Aniket Verma,"Dogecoin Looks Back To The Time When Only Moms Accepted It, Charts Progress To Now With DOGE Emerging As Institutional Asset",Dogecoin (CRYPTO: DOGE) highlighted on Thursday its evolution from a “joke” to a serious cryptocurrency now featured in U.S. index cryptocurrency funds. This...,https://finance.yahoo.com/news/dogecoin-looks-back-time-only-194539204.html,2025-11-14T19:45:39Z
2025-11-13T20:46:44+00:00,,Yahoo Entertainment,David Pan,"Bitcoin Sinks Deeper Below $100,000 as Bear Market Grips Crypto","Once-reliable sources of support — including large investment funds, ETF allocators, and corporate treasuries — have stepped back, removing a key prop from...",https://finance.yahoo.com/news/bitcoin-sinks-deeper-below-100-204644803.html,2025-11-13T20:46:44Z
2025-11-13T14:07:24+00:00,,BeInCrypto,Mohammad Shahid,"Grayscale Files for IPO, Marking Major Shift for Crypto Asset Managers","Grayscale has filed for an IPO, marking a major step for crypto asset managers as it moves toward a public listing.",https://beincrypto.com/grayscale-files-for-ipo-crypto-milestone/,2025-11-13T14:07:24Z
2025-11-12T20:22:42+00:00,,ZyCrypto,Arnold Kirimi,"What 1,000 XRP Could Be Worth in 2026 If Institutional Demand Explodes?",Market pundit Skipper recently explained why an XRP ETF could become one of the most significant moments in crypto history.,https://zycrypto.com/what-1000-xrp-could-be-worth-in-2026-if-institutional-demand-explodes/,2025-11-12T20:22:42Z
2025-11-12T12:49:28+00:00,,Coinjournal.net,Hassan Maishera,Ripple price forecast: XRP eyes $2.70 despite poor price action,"Key takeaways XRP is trading above $2.4 after defending the $2.35 support level. The cryptocurrency could rally towards the $2.7 resistance level soon. XRP defends the $2.35 support level The cryptocurrency market had a positive start to the week, with Bitcoi…",https://coinjournal.net/news/ripple-price-forecast-xrp-eyes-2-70-despite-poor-price-action/,2025-11-12T12:49:28Z
2025-11-12T07:47:46+00:00,,Cointelegraph,Cointelegraph by Ezra Reguerra,Morgan Stanley says it’s harvest time as Bitcoin enters ‘fall’ season,"Morgan Stanley’s Denny Galindo likens Bitcoin’s cycle to the seasons, warning that the market’s “fall” phase is a time to secure gains before a downturn.",https://cointelegraph.com/news/morgan-stanley-strategists-urge-profit-taking-as-crypto-enters-fall-season,2025-11-12T07:47:46Z
2025-11-12T04:00:43+00:00,,Bitcoinist,Jake Simmons,"The Bitcoin Future Now Runs On Wall Street Inflows, BlackRock Exec Says","BlackRock’s head of crypto, Robbie Mitchnick, says the gravitational center of Bitcoin’s market structure has shifted decisively from miner issuance to exchange-traded fund demand—and that’s why classic four-year “halving cycles” should command far less atten…",https://bitcoinist.com/bitcoin-future-wall-street-inflows-blackrock/,2025-11-12T04:00:43Z
2025-11-12T02:23:11+00:00,,CoinDesk,Sam Reynolds,Asia Morning Briefing: Bitcoin ETFs Pull In $300M as Traders Rush to Buy the Dip,"After two weeks of heavy redemptions, U.S.-listed spot Bitcoin ETFs turned positive again, led by Fidelity and Ark, even as global fund flows remain uneven.",https://www.coindesk.com/markets/2025/11/12/asia-morning-briefing-bitcoin-etfs-see-usd300m-return-to-net-inflows-as-traders-buy-the-dip,2025-11-12T02:23:11Z
2025-11-11T22:00:05+00:00,,Bitcoinist,James Halver,Solana ETFs Top Crypto Inflows as Altcoin Season Index Flashes Early Recovery Signal,"Solana (SOL) continues to dominate the crypto investment space as institutional inflows surge, signaling renewed confidence in the altcoin market. Related Reading: Hedera Hashgraph Added To Google BigQuery Public Datasets According to recent filings, major fi…",https://bitcoinist.com/solana-etfs-top-crypto-inflows-as-altcoin-season/,2025-11-11T22:00:05Z
2025-11-11T13:00:06+00:00,,Ambcrypto.com,Akashnath S,"Crypto news today: U.S. Senate funding bill, Square’s Bitcoin update & more…","Square launched its own Bitcoin payment feature for sellers, and Solana saw sustained developer engagement.",https://ambcrypto.com/crypto-news-today-u-s-senate-funding-bill-squares-bitcoin-update-more/,2025-11-11T13:00:06Z
2025-11-10T13:15:22+00:00,the-times-of-india,The Times of India,Piyush Shukla,"Déjà vu? Last time the US reopened after a shutdown, Bitcoin soared 300% in 5 months - what will happen this time?","Bitcoin is flashing déjà vu as Washington inches toward ending the 40-day U.S. government shutdown. Bitcoin trades near $106,158. It rose 3.9% in 24 hours. The U.S. shutdown optimism drives gains. Last time in 2019, after reopening, Bitcoin jumped 300% in fiv…",https://economictimes.indiatimes.com/news/international/us/dj-vu-for-bitcoin-as-the-u-s-shutdown-nears-its-end-traders-recall-the-2019-reopening-rally-that-sent-btc-soaring-300-could-history-repeat-again/articleshow/125225213.cms,2025-11-10T13:15:22Z
2025-11-10T05:36:42+00:00,,CoinDesk,Sam Reynolds,Bitcoin ETF Outflows Hit $1.2B Even as Wall Street Deepens Its Crypto Bets,"Bitcoin ETF outflows show institutions are trimming risk, not abandoning crypto, as trading stays off-chain and liquidity begins to improve.",https://www.coindesk.com/markets/2025/11/10/bitcoin-etf-outflows-hit-usd1-2b-even-as-wall-street-deepens-its-crypto-bets,2025-11-10T05:36:42Z
2025-11-09T10:00:00+00:00,,Quartz India,Brian O'Connell,Crypto vs. gold: Which is safest in a fractured stock market?,"When markets fracture, what's the optimal safe haven? Here's what you should keep in mind when deciding between gold and Bitcoin",https://qz.com/crypto-bitcoin-gold-best-stock-market-safe-haven,2025-11-09T10:00:00Z
2025-11-08T14:00:00+00:00,,CoinDesk,Christopher R. Perkins,"Long DATs, Short Futures: A New Wrinkle On The Basis Trade","As regulated futures proliferate across alts, the “long DAT, short futures” trade could become an ideal way for Wall Street to capture crypto yield without touching a wallet or suffering from the intense volatility that defines crypto as an asset class, argue…",https://www.coindesk.com/opinion/2025/11/05/long-dats-short-futures-a-new-wrinkle-on-the-basis-trade,2025-11-08T14:00:00Z
2025-11-08T11:00:40+00:00,,Ambcrypto.com,Ishika Kumari,JPMorgan doubles down on Bitcoin with $343M BTC bet – Details,Here’s why institutions are suddenly racing to get in.,https://ambcrypto.com/jpmorgan-doubles-down-on-bitcoin-with-343m-btc-bet-details/,2025-11-08T11:00:40Z
2025-11-07T17:18:39+00:00,the-times-of-india,The Times of India,Piyush Shukla,"US stock market crashes hard: Why Dow, S&P 500, Nasdaq are falling big today? Is AI era gone before it begins as Nvidia and Palantir lead tech selloff","US stock market plunged Friday as panic gripped investors and tech giants led the rout. The Nasdaq sank 1.9%, the S&P 500 fell 1.1%, and the Dow slipped 0.7% as sellers dumped growth stocks. Nvidia plunged over 4% after a US ban on AI chip exports to China, w…",https://economictimes.indiatimes.com/news/international/us/us-stock-market-crashes-hard-why-dow-sp-500-nasdaq-are-falling-big-today-is-ai-era-gone-before-it-begins-as-nvidia-and-palantir-lead-tech-selloff/articleshow/125166943.cms,2025-11-07T17:18:39Z
2025-11-07T13:05:50+00:00,business-insider,Business Insider,jciolli@businessinsider.com (Joe Ciolli),Main Street market moves: Here's what retail investors have done during a wild week for stocks,"They haven't been buying dips, and they're cooling on gold and bitcoin.",https://www.businessinsider.com/retail-investor-day-trader-trends-this-week-stock-market-volatility-2025-11,2025-11-07T13:05:50Z
2025-11-06T21:31:11+00:00,,Yahoo Entertainment,Parshwa Turakhiya,"Bitcoin's Crash Below $100,000 Isn't The End: Wall Street Vet Says: 'We Have To Get Through This'","For the first time since July, Bitcoin (CRYPTO: BTC) fell below $100,000 on Tuesday as the crypto sell-off saw $1.7 billion in liquidations in 24 hours...",https://finance.yahoo.com/news/bitcoins-crash-below-100-000-213111163.html,2025-11-06T21:31:11Z
2025-11-06T16:08:13+00:00,,Cointelegraph,Cointelegraph by William Suberg,"Bitcoin ‘$68K too low’ versus gold says JPMorgan as BTC, stocks dip again","Bitcoin deserves to be higher against gold after the latest BTC price dip, says JPMorgan analysis.",https://cointelegraph.com/news/bitcoin-68k-too-low-versus-gold-says-jpmorgan-btc-stocks-dip,2025-11-06T16:08:13Z
2025-11-06T04:00:52+00:00,,Bitcoinist,James Halver,Tom Lee’s $1.3B Ethereum Bet Under Pressure as ETH Extends Decline and Whales Exit Positions,"The Ethereum price latest market slump has placed Wall Street veteran Tom Lee’s ambitious $1.3 billion in ETH treasury bet under severe pressure, as whales and institutional funds begin to retreat from the world’s second-largest crypto asset. Related Reading:…",https://bitcoinist.com/tom-lees-1-3b-ethereum-bet-under-pressure-as-eth/,2025-11-06T04:00:52Z
2025-11-05T20:03:21+00:00,,Coinspeaker,Vini Barbosa,"Solana ETFs Beat Bitcoin, Ethereum Funds in Daily Net Flow","Bitwise recently launched its spot Solana ETF, BSOL, which is attracting significant demand, surpassing spot Bitcoin and Ethereum ETFs in daily net flow on...",https://www.coinspeaker.com/solana-etf-outperforms-bitcoin-ethereum-daily-inflows/,2025-11-05T20:03:21Z
2025-11-05T18:36:12+00:00,business-insider,Business Insider,sobrient@insider.com (Samuel O'Brient),Here's what crypto pros say is next for bitcoin after its tumble into bear market territory,"Bitcoin extended its October losses into the new month, dipping into bear market territory. The outlook is still upbeat, but pros say expect volatility.",https://www.businessinsider.com/bitcoin-price-bear-market-outlook-crypto-btc-liquidation-2025-11,2025-11-05T18:36:12Z
2025-11-05T00:10:47+00:00,,CNBC,,"Bitcoin retail investor at 'max desperation,' says Bitwise CIO, but crypto winter not coming","Bitcoin's fall below $100,000 sparks fears that a new crypto winter has begun, but Bitwise CIO Matt Hougan sees reasons why this selloff may not last long.",https://www.cnbc.com/2025/11/04/bitcoin-price-crypto-selling-retail-investor.html,2025-11-05T00:10:47Z
2025-11-04T14:00:24+00:00,,Ambcrypto.com,Ishika Kumari,BitMine boosts ‘alchemy of 5%’ plan with bold 82K ETH purchase,"BitMine slips 8%, but boasts 500% YTD gains; ETH drops 5.5% amid market volatility.",https://ambcrypto.com/bitmine-boosts-alchemy-of-5-plan-with-bold-82k-eth-purchase/,2025-11-04T14:00:24Z
2025-11-03T23:00:11+00:00,,TheStreet,Jackson Hinkle,The Death of the four-year cycle: Blockware Solutions declares Bitcoin’s sacred rhythm broken,"For over a decade, Bitcoin’s price marched to a predictable drumbeat: the four-year halving cycle. Each halving slashed miner rewards, triggered saupply...",https://www.thestreet.com/crypto/markets/the-death-of-the-four-year-cycle-blockware-solutions-declares-bitcoins-sacred-rhythm-broken,2025-11-03T23:00:11Z
2025-11-03T21:30:17+00:00,,Bitcoinist,Scott Matherson,XRP Researcher Identifies Defining Moment That Will Change Everything For Ripple Investors,"A new analysis shared by an XRP Researcher has highlighted a defining development that could dramatically change everything for Ripple investors. The revelation comes as the token steps into the institutional spotlight, with the REX-Osprey XRP ETF surpassing …",https://bitcoinist.com/xrp-defining-moment/,2025-11-03T21:30:17Z
2025-11-03T14:20:15+00:00,,BeInCrypto,Lockridge Okoth,Institutional Bitcoin Demand Cools as Bull Market Roars Elsewhere | US Crypto News,What is the biggest crypto news today? Glassnode data shows Bitcoin ETF inflows at their weakest since launch. AI-driven equities dominate.,https://beincrypto.com/blackrock-bitcoin-etf-inflows-slow-us-crypto-news/,2025-11-03T14:20:15Z
2025-11-03T12:15:00+00:00,,CoinDesk,"Omkar Godbole, Oliver Knight",Bitcoin Drop May Be Warning for Stocks: Crypto Daybook Americas,"The day ahead in crypto: Nov. 3, 2025",https://www.coindesk.com/daybook-us/2025/11/03/bitcoin-drop-may-be-warning-for-stocks-crypto-daybook-americas,2025-11-03T12:15:00Z
2025-11-02T14:00:17+00:00,,CryptoSlate,Christina Comben,When the wrench comes for the wallet: Why Bitcoin’s biggest believers are handing over their keys,"Self‑custody was once the ultimate badge of credibility in crypto. A declaration of faith in sovereignty over convenience, code over blind trust, and cryptography over legal fine print. But for many of the space’s earliest and wealthiest adopters, that belief…",https://cryptoslate.com/when-the-wrench-comes-for-the-wallet-why-bitcoins-biggest-believers-are-handing-over-their-keys/,2025-11-02T14:00:17Z
2025-11-01T20:24:29+00:00,,Forbes,"Sean Stein Smith, Contributor, 
 Sean Stein Smith, Contributor
 https://www.forbes.com/sites/seansteinsmith/",3 Signs That Institutions Continue To Drive Crypto Adoption,"Crypto makes headlines on a daily basis, but sometimes the most significant ones can fly under the radar; those are the ones investors should be sure to watch",https://www.forbes.com/sites/digital-assets/2025/11/01/3-signs-that-institutions-continue-to-drive-crypto-adoption/,2025-11-01T20:24:29Z
2025-11-01T19:28:21+00:00,,99bitcoins.com,jrmiller,"Bitcoin and Ethereum Price Prediction: Is BTC Losing Steam After “Uptober,” and Can ETH Lead the Next Rally?",Is Bitcoin price losing steam after Uptober? Jump into the latest Bitcoin and Ethereum price prediction for the first Week of November. Bitcoin traded near $...,https://99bitcoins.com/news/bitcoin-btc/bitcoin-and-ethereum-price-prediction-is-btc-losing-steam-after-uptober-and-can-eth-lead-the-next-rally/,2025-11-01T19:28:21Z
2025-11-01T08:15:00+00:00,,Cointelegraph,Cointelegraph by William Suberg,Bitcoin starts $100K ‘capitulation’ as BTC price metric sees big volatility,"Bitcoin fell nearly 4% in October as ETF outflows closed out the month, but Bollinger Bands BTC price volatility odds hit record levels.",https://cointelegraph.com/news/bitcoin-starts-100k-capitulation-btc-price-metric-big-volatility,2025-11-01T08:15:00Z
2025-10-31T06:18:37+00:00,,Cointelegraph,Cointelegraph by Stephen Katte,Bitwise exec says a bet on Solana gives ‘two ways to win’,"Bitwise's Matt Hougan is very bullish on Solana right now because he thinks it is fast, user-friendly and will continue to creep up on market leader Ethereum.",https://cointelegraph.com/news/matt-hougan-bullish-solana-growth-bitwise-investment,2025-10-31T06:18:37Z
2025-10-30T18:00:10+00:00,,Bitcoinist,Godspower Owie,Solana Gets Its Spotlight: Bitwise Spot Solana ETF Marks Altcoins’ Arrival On Wall Street,"After having a notable run with Bitcoin and Ethereum, the spot Exchange-Traded Funds (ETFs) are taking a shot at Solana in this new phase of the cryptocurrency and financial market. SOL’s foray into the ETFs arena marks a crucial landmark in its market dynami…",https://bitcoinist.com/solana-gets-its-spotlight/,2025-10-30T18:00:10Z
2025-10-30T11:15:00+00:00,,CoinDesk,"Francisco Rodrigues, Oliver Knight",Market Stumbles on Fed Caution as Options Expiry Looms: Crypto Daybook Americas,"The day ahead in crypto: Oct. 30, 2025",https://www.coindesk.com/daybook-us/2025/10/30/market-stumbles-on-fed-caution-as-options-expiry-looms-crypto-daybook-americas,2025-10-30T11:15:00Z
2025-10-29T15:01:11+00:00,,Cryptonews,Anas Hassan,Solana ETF Race Heats Up as Grayscale Joins Bitwise on Wall Street,"Grayscale Investments launched its Solana Trust ETF on NYSE Arca on Tuesday, becoming the first of the firm’s staking products to uplist under new SEC...",https://cryptonews.com/news/solana-etf-race-heats-up-as-grayscale-joins-bitwise-on-wall-street/,2025-10-29T15:01:11Z
2025-10-29T11:47:27+00:00,,Cryptonews,Jeffrey Gogo,"Crypto’s Next Billion Users Are in the Global South, Says Deobank WeFi CEO","Key Takeaways: WeFi CEO Maksym Sakharov says crypto’s fixation on Wall Street is overshadowing real adoption happening in Africa, Asia and Latin America...",https://cryptonews.com/exclusives/cryptos-next-billion-users-are-in-the-global-south-says-deobank-wefi-ceo/,2025-10-29T11:47:27Z
2025-10-29T11:15:00+00:00,,CoinDesk,"Francisco Rodrigues, Oliver Knight",Stablecoin Inflows Rise Before Fed Rate Decision: Crypto Daybook Americas,"The day ahead in crypto: Oct. 29, 2025",https://www.coindesk.com/daybook-us/2025/10/29/stablecoin-inflows-rise-before-fed-rate-decision-crypto-daybook-americas,2025-10-29T11:15:00Z
2025-10-29T10:17:48+00:00,,ZyCrypto,Brenda Ngari,"Bitwise’s Solana Staking ETF Makes Splashy Wall Street Debut, Notching $55 Million In Day-One Trading Volume","Three altcoin ETFs, including Bitwise’s Solana staking ETF, made their Wall Street debuts on Tuesday amid the land rush of crypto applications waiting to hit the market.",https://zycrypto.com/bitwises-solana-staking-etf-makes-splashy-wall-street-debut-notching-55-million-in-day-one-trading-volume/,2025-10-29T10:17:48Z
2025-10-28T22:16:05+00:00,,Forbes,"Billy Bambrough, Senior Contributor, 
 Billy Bambrough, Senior Contributor
 https://www.forbes.com/sites/billybambrough/","Bitcoin Is Suddenly On The Brink As Crypto Braces For ‘Death Knell’ $100,000 Price Game-Changer","Bitcoin traders have said a bitcoin price rally could mean the price never drops below $100,000 again….",https://www.forbes.com/sites/digital-assets/2025/10/28/bitcoin-is-suddenly-on-the-brink-amid-death-knell-100000-price-game-changer/,2025-10-28T22:16:05Z
2025-10-28T16:00:34+00:00,,CryptoSlate,Oluwapelumi Adejumo,US spot Bitcoin ETF balances are negative without BlackRock,"Over the past year, Bitcoin’s exchange-traded fund (ETF) boom has been celebrated as proof that Wall Street has finally embraced crypto. Yet the numbers reveal something far more fragile. On Oct. 28, Vetle Lunde, head of research at K33 Research, noted that U…",https://cryptoslate.com/what-happens-when-blackrocks-ibit-etf-flows-slows/,2025-10-28T16:00:34Z
2025-10-28T11:34:03+00:00,,Cryptonews,Sead Fadilpašić,"Why Is Crypto Down Today? – October 28, 2025","The crypto market is down today, with the cryptocurrency market capitalization decreasing by 1.1%, now standing at $3.95 trillion. Nearly 90 of the top 100...",https://cryptonews.com/news/why-is-crypto-down-today-october-28-2025/,2025-10-28T11:34:03Z
2025-10-25T10:05:54+00:00,,CryptoSlate,Liam 'Akiba' Wright,The 5 unbelievable crypto comeback stories that changed the world forever,"Crypto is nothing if not cyclical. Every cycle births icons, wrecks them, and sometimes resurrects them. What was once written off as dead can roar back to life with a vengeance, reshaped by regulation, technology, or sheer market gravity. From courtrooms to …",https://cryptoslate.com/the-5-greatest-comeback-stories-in-crypto-that-changed-the-world-forever/,2025-10-25T10:05:54Z
2025-10-25T01:31:04+00:00,,Yahoo Entertainment,Parshwa Turakhiya,"'Pet Rock' No More: JPMorgan To Accept Bitcoin, Ethereum As Collateral","JPMorgan Chase & Co. (NYSE:JPM) will allow institutional clients to use Bitcoin (CRYPTO: BTC) and Ethereum (CRYPTO: ETH) as collateral for loans, marking a...",https://finance.yahoo.com/news/pet-rock-no-more-jpmorgan-013104388.html,2025-10-25T01:31:04Z
2025-10-24T16:24:19+00:00,,Cryptonews,Anas Hassan,Wall Street Giant JPMorgan to Let Institutions Borrow Against Bitcoin and Ethereum Holdings,"Wall Street giant JPMorgan Chase & Co. plans to allow institutional clients to borrow against their Bitcoin and Ethereum holdings, according to Bloomberg...",https://cryptonews.com/news/wall-street-giant-jpmorgan-to-let-institutions-borrow-against-bitcoin-and-ethereum-holdings/,2025-10-24T16:24:19Z
2025-10-24T11:15:00+00:00,,CoinDesk,"Omkar Godbole, Oliver Knight",Inflation Report Eyed; Multicoin Proposes Attention Perps: Crypto Daybook Americas,"The day ahead in crypto: Oct. 24, 2025",https://www.coindesk.com/daybook-us/2025/10/24/inflation-report-eyed-multicoin-proposes-attention-perps-crypto-daybook-americas,2025-10-24T11:15:00Z
2025-10-24T11:02:30+00:00,,Coinjournal.net,Charles Thuo,"JPMorgan Chase to start accepting Bitcoin, Ethereum as loan collateral: report",JPMorgan will let clients use Bitcoin (BTC) and Ethereum (ETH) as collateral for loans. The move marks a major shift from Jamie Dimon’s past crypto criticism. Other major banks are expanding crypto custody and lending services. JPMorgan Chase & Co. is reporte…,https://coinjournal.net/news/jpmorgan-chase-to-start-accepting-bitcoin-ethereum-as-loan-collateral-report/,2025-10-24T11:02:30Z
2025-10-24T09:30:50+00:00,,Cryptonews,Amin Ayan,BitMine Chair Tom Lee Warns Bitcoin Could Face 50% Drawdowns Despite ETF Hype,"Bitcoin’s volatility isn’t gone, and it could still fall by as much as half its value, according to Tom Lee, chairman of BitMine. Key Takeaways: BitMine...",https://cryptonews.com/news/bitmine-chair-tom-lee-warns-bitcoin-could-face-50-drawdowns-despite-etf-hype/,2025-10-24T09:30:50Z
2025-10-24T09:07:56+00:00,,Yahoo Entertainment,Emily Nicolle,JPMorgan to Allow Bitcoin and Ether as Collateral in Crypto Push,It builds on JPMorgan’s earlier move to accept crypto-linked ETFs as collateral.  A JPMorgan spokesperson declined to comment.  With Bitcoin rallying this...,https://finance.yahoo.com/news/jpmorgan-allow-bitcoin-ether-collateral-090756088.html,2025-10-24T09:07:56Z
2025-10-24T07:22:12+00:00,bloomberg,Bloomberg,Bloomberg,Crypto M&A surges 30-fold as niche firms shift to mainstream,"Crypto M&A skyrockets to over $10 billion, highlighting a shift as niche firms merge into mainstream finance for competitive edge.",https://www.bloomberg.com/news/articles/2025-10-23/crypto-m-a-surges-30-fold-as-niche-firms-shift-to-mainstream,2025-10-24T07:22:12Z
2025-10-24T04:08:26+00:00,,Cryptonews,Shalini Nagarajan,Fidelity Rolls Out Solana Trading Access for US-Based Investors,"Fidelity has added Solana (SOL) trading to its suite of crypto products, giving both institutional and retail investors access to the fast-growing blockchain...",https://cryptonews.com/news/fidelity-rolls-out-solana-trading-access-us-based-investors/,2025-10-24T04:08:26Z
2025-10-24T03:00:13+00:00,,Bitcoinist,Christian Encila,Wall Street Behemoth With $1.8 Trillion Under Management Finally Dives Into Crypto,"T. Rowe Price, the US asset manager with $1.8 trillion in assets, has filed to launch its first crypto exchange-traded fund, according to regulatory filings and market reports. The filing seeks registration with the US Securities and Exchange Commission for a…",https://bitcoinist.com/wall-street-behemoth-with-1-8-trillion-under-management-finally-dives-into-crypto/,2025-10-24T03:00:13Z
2025-10-23T20:32:41+00:00,fortune,Fortune,"Isabelle Lee, Suvashree Ghosh, Bloomberg",Crypto M&A surges 30-fold as niche firms shift to mainstream,"Crypto M&A topped $10 billion for the first time in the third quarter, a more than 30-fold increase from a year earlier, according to Architect Partners.",https://fortune.com/crypto/2025/10/23/crypto-merger-acqusitions-thirty-fold-surge-architect-partners-21shares-falconx/,2025-10-23T20:32:41Z
2025-10-23T16:40:27+00:00,,TheStreet,Arjun Parashar,Cathie Wood buys $21.3 million worth of Robinhood shares,"Few investors in modern finance are as polarizing, or as consistently bold as Cathie Wood. The Ark Invest founder and CEO has built her name on high...",https://www.thestreet.com/crypto/technology/cathie-wood-crypto-fresh-buy,2025-10-23T16:40:27Z
2025-10-23T13:34:00+00:00,,MarketWatch,Barbara Kollmeyer,Gold just stumbled. A JPMorgan strategist says the metal could double in value.,"JPMorgan believes gold will increasingly become an investor favored hedge against equities, to the tune of 110%.",https://www.marketwatch.com/story/gold-just-stumbled-a-jpmorgan-strategist-says-the-metal-could-double-in-value-c97eb6fd,2025-10-23T13:34:00Z
2025-10-23T13:00:58+00:00,,CryptoSlate,Andjela Radmilac,$1.8 trillion Wall Street giant files active multi-coin ETF to challenge BTC dominance,"T. Rowe Price, one of the biggest old-school fund managers in the US with roots stretching back to 1937, is finally dipping its toes into crypto, but not just with another Bitcoin tracker. A Oct. 22 SEC filing reveals the $1.8 trillion firm wants to run a fun…",https://cryptoslate.com/1-8-trillion-wall-street-giant-files-active-multi-coin-etf-to-challenge-btc-dominance/,2025-10-23T13:00:58Z
2025-10-23T11:44:04+00:00,,BeInCrypto,Lockridge Okoth,"Standard Chartered Says Bitcoin’s Drop Below $100,000 May Be the Last Ever | US Crypto News","What is the biggest crypto news today? Standard Chartered predicts Bitcoin’s final dip below $100,000 before a long-term rally.",https://beincrypto.com/standard-chartered-bitcoin-100k-us-crypto-news/,2025-10-23T11:44:04Z
2025-10-22T16:25:25+00:00,,ZyCrypto,Brenda Ngari,Prime Broker FalconX To Buy ETF Issuer 21Shares In Latest Crypto Industry Acquisition Deal,"FalconX announced Wednesday it agreed to acquire 21Shares, one of the biggest providers of crypto exchange-traded products (ETPs), for an undisclosed sum.",https://zycrypto.com/prime-broker-falconx-to-buy-etf-issuer-21shares-in-latest-crypto-industry-acquisition-deal/,2025-10-22T16:25:25Z
2025-10-22T08:32:09+00:00,,Cointelegraph,Cointelegraph by Amin Haqshanas,Hong Kong approves its first spot Solana ETF ahead of US,"The Hong Kong Securities and Futures Commission has approved the ChinaAMC Solana ETF, making it the city’s third crypto spot ETF after Bitcoin and Ethereum.",https://cointelegraph.com/news/hong-kong-approves-first-solana-spot-etf,2025-10-22T08:32:09Z
2025-10-21T01:16:23+00:00,,CoinDesk,Sam Reynolds,Asia Morning Briefing: Bitcoin Holds Steady as Market Resets After Leverage Flush,"Glassnode says last week’s selloff “cleared out excess without breaking structure,” while Enflux points to renewed institutional layering from Blockchain.com’s SPAC and Bitmine’s $800 million ETH buildout as signs of deeper market resilience.",https://www.coindesk.com/markets/2025/10/21/asia-morning-briefing-bitcoin-holds-steady-as-market-resets-after-leverage-flush,2025-10-21T01:16:23Z
2025-10-17T20:05:09+00:00,the-times-of-india,The Times of India,Gandharv Walia,"Crypto Crash: Bitcoin, Ethereum, XRP price drop explained. Here's analysts deep insights, investor sentiment shift, ETF outflows, policy developments, trader liquidations, market panic","Crypto crash deepens as Bitcoin and Ethereum prices fall sharply amid global market concerns. Bitcoin drops to $105,700 and Ethereum to $3,764. XRP risks sliding below $2. Analysts cite credit fears, ETF outflows, and leveraged trader liquidations as main dri…",https://economictimes.indiatimes.com/news/international/us/crypto-crash-bitcoin-ethereum-and-xrp-price-drop-explained-heres-analysts-deep-insights-and-what-to-watch-out-for-btc-eth-xrp-price-fall-market-update-plunge-october-2025-global-market-concerns-credit-fears-etf-outflows-trader-liquidations/articleshow/124644820.cms,2025-10-17T20:05:09Z
